Odseljeni po: SPOL, DR꾀VA PRIHODNJEGA PREBIVALI궫A, LETO, IZOBRAZBA ,;;;;;
DR꾀VLJANSTVO;;;;;
;;;;;
Mo뚊i;;;;;
 ;....Bosna in Hercegovina;;;;
 ; ;2011;;;
 ; ; ;Osnovno뚎lska ali manj;;
 ; ; ; ;Dr료vljani RS;49
 ; ; ; ;Tuji dr료vljani;762
 ; ; ;Srednje뚎lska;;
 ; ; ; ;Dr료vljani RS;66
 ; ; ; ;Tuji dr료vljani;1448
 ; ; ;Vi뚉e뚎lska, visoko뚎lska;;
 ; ; ; ;Dr료vljani RS;16
 ; ; ; ;Tuji dr료vljani;16
 ; ;2012;;;
 ; ; ;Osnovno뚎lska ali manj;;
 ; ; ; ;Dr료vljani RS;64
 ; ; ; ;Tuji dr료vljani;491
 ; ; ;Srednje뚎lska;;
 ; ; ; ;Dr료vljani RS;104
 ; ; ; ;Tuji dr료vljani;1003
 ; ; ;Vi뚉e뚎lska, visoko뚎lska;;
 ; ; ; ;Dr료vljani RS;19
 ; ; ; ;Tuji dr료vljani;17
 ; ;2013;;;
 ; ; ;Osnovno뚎lska ali manj;;
 ; ; ; ;Dr료vljani RS;59
 ; ; ; ;Tuji dr료vljani;295
 ; ; ;Srednje뚎lska;;
 ; ; ; ;Dr료vljani RS;80
 ; ; ; ;Tuji dr료vljani;689
 ; ; ;Vi뚉e뚎lska, visoko뚎lska;;
 ; ; ; ;Dr료vljani RS;17
 ; ; ; ;Tuji dr료vljani;6
 ; ;2014;;;
 ; ; ;Osnovno뚎lska ali manj;;
 ; ; ; ;Dr료vljani RS;42
 ; ; ; ;Tuji dr료vljani;327
 ; ; ;Srednje뚎lska;;
 ; ; ; ;Dr료vljani RS;46
 ; ; ; ;Tuji dr료vljani;580
 ; ; ;Vi뚉e뚎lska, visoko뚎lska;;
 ; ; ; ;Dr료vljani RS;15
 ; ; ; ;Tuji dr료vljani;16
 ; ;2015;;;
 ; ; ;Osnovno뚎lska ali manj;;
 ; ; ; ;Dr료vljani RS;48
 ; ; ; ;Tuji dr료vljani;282
 ; ; ;Srednje뚎lska;;
 ; ; ; ;Dr료vljani RS;59
 ; ; ; ;Tuji dr료vljani;590
 ; ; ;Vi뚉e뚎lska, visoko뚎lska;;
 ; ; ; ;Dr료vljani RS;5
 ; ; ; ;Tuji dr료vljani;20
 ; ;2016;;;
 ; ; ;Osnovno뚎lska ali manj;;
 ; ; ; ;Dr료vljani RS;29
 ; ; ; ;Tuji dr료vljani;275
 ; ; ;Srednje뚎lska;;
 ; ; ; ;Dr료vljani RS;54
 ; ; ; ;Tuji dr료vljani;847
 ; ; ;Vi뚉e뚎lska, visoko뚎lska;;
 ; ; ; ;Dr료vljani RS;12
 ; ; ; ;Tuji dr료vljani;26
 ; ;2017;;;
 ; ; ;Osnovno뚎lska ali manj;;
 ; ; ; ;Dr료vljani RS;44
 ; ; ; ;Tuji dr료vljani;236
 ; ; ;Srednje뚎lska;;
 ; ; ; ;Dr료vljani RS;77
 ; ; ; ;Tuji dr료vljani;1037
 ; ; ;Vi뚉e뚎lska, visoko뚎lska;;
 ; ; ; ;Dr료vljani RS;18
 ; ; ; ;Tuji dr료vljani;25
 ;....rna gora;;;;
 ; ;2011;;;
 ; ; ;Osnovno뚎lska ali manj;;
 ; ; ; ;Dr료vljani RS;3
 ; ; ; ;Tuji dr료vljani;7
 ; ; ;Srednje뚎lska;;
 ; ; ; ;Dr료vljani RS;7
 ; ; ; ;Tuji dr료vljani;12
 ; ; ;Vi뚉e뚎lska, visoko뚎lska;;
 ; ; ; ;Dr료vljani RS;2
 ; ; ; ;Tuji dr료vljani;0
 ; ;2012;;;
 ; ; ;Osnovno뚎lska ali manj;;
 ; ; ; ;Dr료vljani RS;5
 ; ; ; ;Tuji dr료vljani;8
 ; ; ;Srednje뚎lska;;
 ; ; ; ;Dr료vljani RS;14
 ; ; ; ;Tuji dr료vljani;10
 ; ; ;Vi뚉e뚎lska, visoko뚎lska;;
 ; ; ; ;Dr료vljani RS;6
 ; ; ; ;Tuji dr료vljani;1
 ; ;2013;;;
 ; ; ;Osnovno뚎lska ali manj;;
 ; ; ; ;Dr료vljani RS;3
 ; ; ; ;Tuji dr료vljani;6
 ; ; ;Srednje뚎lska;;
 ; ; ; ;Dr료vljani RS;11
 ; ; ; ;Tuji dr료vljani;9
 ; ; ;Vi뚉e뚎lska, visoko뚎lska;;
 ; ; ; ;Dr료vljani RS;2
 ; ; ; ;Tuji dr료vljani;3
 ; ;2014;;;
 ; ; ;Osnovno뚎lska ali manj;;
 ; ; ; ;Dr료vljani RS;1
 ; ; ; ;Tuji dr료vljani;4
 ; ; ;Srednje뚎lska;;
 ; ; ; ;Dr료vljani RS;5
 ; ; ; ;Tuji dr료vljani;8
 ; ; ;Vi뚉e뚎lska, visoko뚎lska;;
 ; ; ; ;Dr료vljani RS;4
 ; ; ; ;Tuji dr료vljani;2
 ; ;2015;;;
 ; ; ;Osnovno뚎lska ali manj;;
 ; ; ; ;Dr료vljani RS;1
 ; ; ; ;Tuji dr료vljani;7
 ; ; ;Srednje뚎lska;;
 ; ; ; ;Dr료vljani RS;3
 ; ; ; ;Tuji dr료vljani;11
 ; ; ;Vi뚉e뚎lska, visoko뚎lska;;
 ; ; ; ;Dr료vljani RS;4
 ; ; ; ;Tuji dr료vljani;3
 ; ;2016;;;
 ; ; ;Osnovno뚎lska ali manj;;
 ; ; ; ;Dr료vljani RS;4
 ; ; ; ;Tuji dr료vljani;9
 ; ; ;Srednje뚎lska;;
 ; ; ; ;Dr료vljani RS;5
 ; ; ; ;Tuji dr료vljani;14
 ; ; ;Vi뚉e뚎lska, visoko뚎lska;;
 ; ; ; ;Dr료vljani RS;0
 ; ; ; ;Tuji dr료vljani;3
 ; ;2017;;;
 ; ; ;Osnovno뚎lska ali manj;;
 ; ; ; ;Dr료vljani RS;0
 ; ; ; ;Tuji dr료vljani;7
 ; ; ;Srednje뚎lska;;
 ; ; ; ;Dr료vljani RS;6
 ; ; ; ;Tuji dr료vljani;11
 ; ; ;Vi뚉e뚎lska, visoko뚎lska;;
 ; ; ; ;Dr료vljani RS;1
 ; ; ; ;Tuji dr료vljani;5
 ;....Kosovo;;;;
 ; ;2011;;;
 ; ; ;Osnovno뚎lska ali manj;;
 ; ; ; ;Dr료vljani RS;8
 ; ; ; ;Tuji dr료vljani;474
 ; ; ;Srednje뚎lska;;
 ; ; ; ;Dr료vljani RS;8
 ; ; ; ;Tuji dr료vljani;153
 ; ; ;Vi뚉e뚎lska, visoko뚎lska;;
 ; ; ; ;Dr료vljani RS;4
 ; ; ; ;Tuji dr료vljani;4
 ; ;2012;;;
 ; ; ;Osnovno뚎lska ali manj;;
 ; ; ; ;Dr료vljani RS;21
 ; ; ; ;Tuji dr료vljani;263
 ; ; ;Srednje뚎lska;;
 ; ; ; ;Dr료vljani RS;17
 ; ; ; ;Tuji dr료vljani;168
 ; ; ;Vi뚉e뚎lska, visoko뚎lska;;
 ; ; ; ;Dr료vljani RS;3
 ; ; ; ;Tuji dr료vljani;5
 ; ;2013;;;
 ; ; ;Osnovno뚎lska ali manj;;
 ; ; ; ;Dr료vljani RS;18
 ; ; ; ;Tuji dr료vljani;167
 ; ; ;Srednje뚎lska;;
 ; ; ; ;Dr료vljani RS;19
 ; ; ; ;Tuji dr료vljani;107
 ; ; ;Vi뚉e뚎lska, visoko뚎lska;;
 ; ; ; ;Dr료vljani RS;7
 ; ; ; ;Tuji dr료vljani;7
 ; ;2014;;;
 ; ; ;Osnovno뚎lska ali manj;;
 ; ; ; ;Dr료vljani RS;5
 ; ; ; ;Tuji dr료vljani;129
 ; ; ;Srednje뚎lska;;
 ; ; ; ;Dr료vljani RS;10
 ; ; ; ;Tuji dr료vljani;81
 ; ; ;Vi뚉e뚎lska, visoko뚎lska;;
 ; ; ; ;Dr료vljani RS;5
 ; ; ; ;Tuji dr료vljani;1
 ; ;2015;;;
 ; ; ;Osnovno뚎lska ali manj;;
 ; ; ; ;Dr료vljani RS;13
 ; ; ; ;Tuji dr료vljani;100
 ; ; ;Srednje뚎lska;;
 ; ; ; ;Dr료vljani RS;12
 ; ; ; ;Tuji dr료vljani;83
 ; ; ;Vi뚉e뚎lska, visoko뚎lska;;
 ; ; ; ;Dr료vljani RS;10
 ; ; ; ;Tuji dr료vljani;3
 ; ;2016;;;
 ; ; ;Osnovno뚎lska ali manj;;
 ; ; ; ;Dr료vljani RS;5
 ; ; ; ;Tuji dr료vljani;156
 ; ; ;Srednje뚎lska;;
 ; ; ; ;Dr료vljani RS;7
 ; ; ; ;Tuji dr료vljani;126
 ; ; ;Vi뚉e뚎lska, visoko뚎lska;;
 ; ; ; ;Dr료vljani RS;7
 ; ; ; ;Tuji dr료vljani;4
 ; ;2017;;;
 ; ; ;Osnovno뚎lska ali manj;;
 ; ; ; ;Dr료vljani RS;4
 ; ; ; ;Tuji dr료vljani;123
 ; ; ;Srednje뚎lska;;
 ; ; ; ;Dr료vljani RS;14
 ; ; ; ;Tuji dr료vljani;141
 ; ; ;Vi뚉e뚎lska, visoko뚎lska;;
 ; ; ; ;Dr료vljani RS;8
 ; ; ; ;Tuji dr료vljani;3
 ;....Makedonija;;;;
 ; ;2011;;;
 ; ; ;Osnovno뚎lska ali manj;;
 ; ; ; ;Dr료vljani RS;18
 ; ; ; ;Tuji dr료vljani;302
 ; ; ;Srednje뚎lska;;
 ; ; ; ;Dr료vljani RS;11
 ; ; ; ;Tuji dr료vljani;210
 ; ; ;Vi뚉e뚎lska, visoko뚎lska;;
 ; ; ; ;Dr료vljani RS;9
 ; ; ; ;Tuji dr료vljani;9
 ; ;2012;;;
 ; ; ;Osnovno뚎lska ali manj;;
 ; ; ; ;Dr료vljani RS;18
 ; ; ; ;Tuji dr료vljani;206
 ; ; ;Srednje뚎lska;;
 ; ; ; ;Dr료vljani RS;21
 ; ; ; ;Tuji dr료vljani;201
 ; ; ;Vi뚉e뚎lska, visoko뚎lska;;
 ; ; ; ;Dr료vljani RS;6
 ; ; ; ;Tuji dr료vljani;11
 ; ;2013;;;
 ; ; ;Osnovno뚎lska ali manj;;
 ; ; ; ;Dr료vljani RS;14
 ; ; ; ;Tuji dr료vljani;148
 ; ; ;Srednje뚎lska;;
 ; ; ; ;Dr료vljani RS;27
 ; ; ; ;Tuji dr료vljani;157
 ; ; ;Vi뚉e뚎lska, visoko뚎lska;;
 ; ; ; ;Dr료vljani RS;3
 ; ; ; ;Tuji dr료vljani;18
 ; ;2014;;;
 ; ; ;Osnovno뚎lska ali manj;;
 ; ; ; ;Dr료vljani RS;5
 ; ; ; ;Tuji dr료vljani;103
 ; ; ;Srednje뚎lska;;
 ; ; ; ;Dr료vljani RS;18
 ; ; ; ;Tuji dr료vljani;139
 ; ; ;Vi뚉e뚎lska, visoko뚎lska;;
 ; ; ; ;Dr료vljani RS;7
 ; ; ; ;Tuji dr료vljani;19
 ; ;2015;;;
 ; ; ;Osnovno뚎lska ali manj;;
 ; ; ; ;Dr료vljani RS;8
 ; ; ; ;Tuji dr료vljani;89
 ; ; ;Srednje뚎lska;;
 ; ; ; ;Dr료vljani RS;15
 ; ; ; ;Tuji dr료vljani;152
 ; ; ;Vi뚉e뚎lska, visoko뚎lska;;
 ; ; ; ;Dr료vljani RS;4
 ; ; ; ;Tuji dr료vljani;18
 ; ;2016;;;
 ; ; ;Osnovno뚎lska ali manj;;
 ; ; ; ;Dr료vljani RS;8
 ; ; ; ;Tuji dr료vljani;76
 ; ; ;Srednje뚎lska;;
 ; ; ; ;Dr료vljani RS;12
 ; ; ; ;Tuji dr료vljani;129
 ; ; ;Vi뚉e뚎lska, visoko뚎lska;;
 ; ; ; ;Dr료vljani RS;4
 ; ; ; ;Tuji dr료vljani;21
 ; ;2017;;;
 ; ; ;Osnovno뚎lska ali manj;;
 ; ; ; ;Dr료vljani RS;9
 ; ; ; ;Tuji dr료vljani;82
 ; ; ;Srednje뚎lska;;
 ; ; ; ;Dr료vljani RS;18
 ; ; ; ;Tuji dr료vljani;162
 ; ; ;Vi뚉e뚎lska, visoko뚎lska;;
 ; ; ; ;Dr료vljani RS;10
 ; ; ; ;Tuji dr료vljani;22
 ;....Srbija;;;;
 ; ;2011;;;
 ; ; ;Osnovno뚎lska ali manj;;
 ; ; ; ;Dr료vljani RS;42
 ; ; ; ;Tuji dr료vljani;263
 ; ; ;Srednje뚎lska;;
 ; ; ; ;Dr료vljani RS;56
 ; ; ; ;Tuji dr료vljani;320
 ; ; ;Vi뚉e뚎lska, visoko뚎lska;;
 ; ; ; ;Dr료vljani RS;25
 ; ; ; ;Tuji dr료vljani;21
 ; ;2012;;;
 ; ; ;Osnovno뚎lska ali manj;;
 ; ; ; ;Dr료vljani RS;51
 ; ; ; ;Tuji dr료vljani;139
 ; ; ;Srednje뚎lska;;
 ; ; ; ;Dr료vljani RS;102
 ; ; ; ;Tuji dr료vljani;253
 ; ; ;Vi뚉e뚎lska, visoko뚎lska;;
 ; ; ; ;Dr료vljani RS;34
 ; ; ; ;Tuji dr료vljani;18
 ; ;2013;;;
 ; ; ;Osnovno뚎lska ali manj;;
 ; ; ; ;Dr료vljani RS;46
 ; ; ; ;Tuji dr료vljani;109
 ; ; ;Srednje뚎lska;;
 ; ; ; ;Dr료vljani RS;84
 ; ; ; ;Tuji dr료vljani;255
 ; ; ;Vi뚉e뚎lska, visoko뚎lska;;
 ; ; ; ;Dr료vljani RS;34
 ; ; ; ;Tuji dr료vljani;30
 ; ;2014;;;
 ; ; ;Osnovno뚎lska ali manj;;
 ; ; ; ;Dr료vljani RS;22
 ; ; ; ;Tuji dr료vljani;175
 ; ; ;Srednje뚎lska;;
 ; ; ; ;Dr료vljani RS;52
 ; ; ; ;Tuji dr료vljani;324
 ; ; ;Vi뚉e뚎lska, visoko뚎lska;;
 ; ; ; ;Dr료vljani RS;16
 ; ; ; ;Tuji dr료vljani;29
 ; ;2015;;;
 ; ; ;Osnovno뚎lska ali manj;;
 ; ; ; ;Dr료vljani RS;24
 ; ; ; ;Tuji dr료vljani;150
 ; ; ;Srednje뚎lska;;
 ; ; ; ;Dr료vljani RS;56
 ; ; ; ;Tuji dr료vljani;312
 ; ; ;Vi뚉e뚎lska, visoko뚎lska;;
 ; ; ; ;Dr료vljani RS;29
 ; ; ; ;Tuji dr료vljani;33
 ; ;2016;;;
 ; ; ;Osnovno뚎lska ali manj;;
 ; ; ; ;Dr료vljani RS;23
 ; ; ; ;Tuji dr료vljani;124
 ; ; ;Srednje뚎lska;;
 ; ; ; ;Dr료vljani RS;67
 ; ; ; ;Tuji dr료vljani;324
 ; ; ;Vi뚉e뚎lska, visoko뚎lska;;
 ; ; ; ;Dr료vljani RS;16
 ; ; ; ;Tuji dr료vljani;26
 ; ;2017;;;
 ; ; ;Osnovno뚎lska ali manj;;
 ; ; ; ;Dr료vljani RS;20
 ; ; ; ;Tuji dr료vljani;173
 ; ; ;Srednje뚎lska;;
 ; ; ; ;Dr료vljani RS;66
 ; ; ; ;Tuji dr료vljani;470
 ; ; ;Vi뚉e뚎lska, visoko뚎lska;;
 ; ; ; ;Dr료vljani RS;25
 ; ; ; ;Tuji dr료vljani;35
 ;....Avstrija;;;;
 ; ;2011;;;
 ; ; ;Osnovno뚎lska ali manj;;
 ; ; ; ;Dr료vljani RS;82
 ; ; ; ;Tuji dr료vljani;11
 ; ; ;Srednje뚎lska;;
 ; ; ; ;Dr료vljani RS;161
 ; ; ; ;Tuji dr료vljani;19
 ; ; ;Vi뚉e뚎lska, visoko뚎lska;;
 ; ; ; ;Dr료vljani RS;36
 ; ; ; ;Tuji dr료vljani;12
 ; ;2012;;;
 ; ; ;Osnovno뚎lska ali manj;;
 ; ; ; ;Dr료vljani RS;156
 ; ; ; ;Tuji dr료vljani;22
 ; ; ;Srednje뚎lska;;
 ; ; ; ;Dr료vljani RS;315
 ; ; ; ;Tuji dr료vljani;34
 ; ; ;Vi뚉e뚎lska, visoko뚎lska;;
 ; ; ; ;Dr료vljani RS;75
 ; ; ; ;Tuji dr료vljani;10
 ; ;2013;;;
 ; ; ;Osnovno뚎lska ali manj;;
 ; ; ; ;Dr료vljani RS;159
 ; ; ; ;Tuji dr료vljani;20
 ; ; ;Srednje뚎lska;;
 ; ; ; ;Dr료vljani RS;444
 ; ; ; ;Tuji dr료vljani;46
 ; ; ;Vi뚉e뚎lska, visoko뚎lska;;
 ; ; ; ;Dr료vljani RS;101
 ; ; ; ;Tuji dr료vljani;7
 ; ;2014;;;
 ; ; ;Osnovno뚎lska ali manj;;
 ; ; ; ;Dr료vljani RS;225
 ; ; ; ;Tuji dr료vljani;16
 ; ; ;Srednje뚎lska;;
 ; ; ; ;Dr료vljani RS;659
 ; ; ; ;Tuji dr료vljani;62
 ; ; ;Vi뚉e뚎lska, visoko뚎lska;;
 ; ; ; ;Dr료vljani RS;152
 ; ; ; ;Tuji dr료vljani;12
 ; ;2015;;;
 ; ; ;Osnovno뚎lska ali manj;;
 ; ; ; ;Dr료vljani RS;188
 ; ; ; ;Tuji dr료vljani;20
 ; ; ;Srednje뚎lska;;
 ; ; ; ;Dr료vljani RS;714
 ; ; ; ;Tuji dr료vljani;48
 ; ; ;Vi뚉e뚎lska, visoko뚎lska;;
 ; ; ; ;Dr료vljani RS;190
 ; ; ; ;Tuji dr료vljani;8
 ; ;2016;;;
 ; ; ;Osnovno뚎lska ali manj;;
 ; ; ; ;Dr료vljani RS;179
 ; ; ; ;Tuji dr료vljani;21
 ; ; ;Srednje뚎lska;;
 ; ; ; ;Dr료vljani RS;754
 ; ; ; ;Tuji dr료vljani;60
 ; ; ;Vi뚉e뚎lska, visoko뚎lska;;
 ; ; ; ;Dr료vljani RS;189
 ; ; ; ;Tuji dr료vljani;8
 ; ;2017;;;
 ; ; ;Osnovno뚎lska ali manj;;
 ; ; ; ;Dr료vljani RS;221
 ; ; ; ;Tuji dr료vljani;17
 ; ; ;Srednje뚎lska;;
 ; ; ; ;Dr료vljani RS;727
 ; ; ; ;Tuji dr료vljani;59
 ; ; ;Vi뚉e뚎lska, visoko뚎lska;;
 ; ; ; ;Dr료vljani RS;219
 ; ; ; ;Tuji dr료vljani;13
 ;....Bolgarija;;;;
 ; ;2011;;;
 ; ; ;Osnovno뚎lska ali manj;;
 ; ; ; ;Dr료vljani RS;1
 ; ; ; ;Tuji dr료vljani;132
 ; ; ;Srednje뚎lska;;
 ; ; ; ;Dr료vljani RS;1
 ; ; ; ;Tuji dr료vljani;91
 ; ; ;Vi뚉e뚎lska, visoko뚎lska;;
 ; ; ; ;Dr료vljani RS;0
 ; ; ; ;Tuji dr료vljani;6
 ; ;2012;;;
 ; ; ;Osnovno뚎lska ali manj;;
 ; ; ; ;Dr료vljani RS;0
 ; ; ; ;Tuji dr료vljani;170
 ; ; ;Srednje뚎lska;;
 ; ; ; ;Dr료vljani RS;3
 ; ; ; ;Tuji dr료vljani;143
 ; ; ;Vi뚉e뚎lska, visoko뚎lska;;
 ; ; ; ;Dr료vljani RS;1
 ; ; ; ;Tuji dr료vljani;11
 ; ;2013;;;
 ; ; ;Osnovno뚎lska ali manj;;
 ; ; ; ;Dr료vljani RS;0
 ; ; ; ;Tuji dr료vljani;122
 ; ; ;Srednje뚎lska;;
 ; ; ; ;Dr료vljani RS;5
 ; ; ; ;Tuji dr료vljani;146
 ; ; ;Vi뚉e뚎lska, visoko뚎lska;;
 ; ; ; ;Dr료vljani RS;2
 ; ; ; ;Tuji dr료vljani;6
 ; ;2014;;;
 ; ; ;Osnovno뚎lska ali manj;;
 ; ; ; ;Dr료vljani RS;0
 ; ; ; ;Tuji dr료vljani;127
 ; ; ;Srednje뚎lska;;
 ; ; ; ;Dr료vljani RS;4
 ; ; ; ;Tuji dr료vljani;156
 ; ; ;Vi뚉e뚎lska, visoko뚎lska;;
 ; ; ; ;Dr료vljani RS;1
 ; ; ; ;Tuji dr료vljani;11
 ; ;2015;;;
 ; ; ;Osnovno뚎lska ali manj;;
 ; ; ; ;Dr료vljani RS;0
 ; ; ; ;Tuji dr료vljani;159
 ; ; ;Srednje뚎lska;;
 ; ; ; ;Dr료vljani RS;2
 ; ; ; ;Tuji dr료vljani;201
 ; ; ;Vi뚉e뚎lska, visoko뚎lska;;
 ; ; ; ;Dr료vljani RS;1
 ; ; ; ;Tuji dr료vljani;9
 ; ;2016;;;
 ; ; ;Osnovno뚎lska ali manj;;
 ; ; ; ;Dr료vljani RS;0
 ; ; ; ;Tuji dr료vljani;145
 ; ; ;Srednje뚎lska;;
 ; ; ; ;Dr료vljani RS;2
 ; ; ; ;Tuji dr료vljani;195
 ; ; ;Vi뚉e뚎lska, visoko뚎lska;;
 ; ; ; ;Dr료vljani RS;1
 ; ; ; ;Tuji dr료vljani;7
 ; ;2017;;;
 ; ; ;Osnovno뚎lska ali manj;;
 ; ; ; ;Dr료vljani RS;5
 ; ; ; ;Tuji dr료vljani;4
 ; ; ;Srednje뚎lska;;
 ; ; ; ;Dr료vljani RS;32
 ; ; ; ;Tuji dr료vljani;22
 ; ; ;Vi뚉e뚎lska, visoko뚎lska;;
 ; ; ; ;Dr료vljani RS;52
 ; ; ; ;Tuji dr료vljani;3
 ;....Francija;;;;
 ; ;2011;;;
 ; ; ;Osnovno뚎lska ali manj;;
 ; ; ; ;Dr료vljani RS;8
 ; ; ; ;Tuji dr료vljani;5
 ; ; ;Srednje뚎lska;;
 ; ; ; ;Dr료vljani RS;15
 ; ; ; ;Tuji dr료vljani;6
 ; ; ;Vi뚉e뚎lska, visoko뚎lska;;
 ; ; ; ;Dr료vljani RS;9
 ; ; ; ;Tuji dr료vljani;16
 ; ;2012;;;
 ; ; ;Osnovno뚎lska ali manj;;
 ; ; ; ;Dr료vljani RS;15
 ; ; ; ;Tuji dr료vljani;8
 ; ; ;Srednje뚎lska;;
 ; ; ; ;Dr료vljani RS;28
 ; ; ; ;Tuji dr료vljani;9
 ; ; ;Vi뚉e뚎lska, visoko뚎lska;;
 ; ; ; ;Dr료vljani RS;21
 ; ; ; ;Tuji dr료vljani;13
 ; ;2013;;;
 ; ; ;Osnovno뚎lska ali manj;;
 ; ; ; ;Dr료vljani RS;10
 ; ; ; ;Tuji dr료vljani;9
 ; ; ;Srednje뚎lska;;
 ; ; ; ;Dr료vljani RS;33
 ; ; ; ;Tuji dr료vljani;13
 ; ; ;Vi뚉e뚎lska, visoko뚎lska;;
 ; ; ; ;Dr료vljani RS;12
 ; ; ; ;Tuji dr료vljani;12
 ; ;2014;;;
 ; ; ;Osnovno뚎lska ali manj;;
 ; ; ; ;Dr료vljani RS;8
 ; ; ; ;Tuji dr료vljani;8
 ; ; ;Srednje뚎lska;;
 ; ; ; ;Dr료vljani RS;21
 ; ; ; ;Tuji dr료vljani;23
 ; ; ;Vi뚉e뚎lska, visoko뚎lska;;
 ; ; ; ;Dr료vljani RS;10
 ; ; ; ;Tuji dr료vljani;8
 ; ;2015;;;
 ; ; ;Osnovno뚎lska ali manj;;
 ; ; ; ;Dr료vljani RS;9
 ; ; ; ;Tuji dr료vljani;8
 ; ; ;Srednje뚎lska;;
 ; ; ; ;Dr료vljani RS;27
 ; ; ; ;Tuji dr료vljani;17
 ; ; ;Vi뚉e뚎lska, visoko뚎lska;;
 ; ; ; ;Dr료vljani RS;15
 ; ; ; ;Tuji dr료vljani;8
 ; ;2016;;;
 ; ; ;Osnovno뚎lska ali manj;;
 ; ; ; ;Dr료vljani RS;8
 ; ; ; ;Tuji dr료vljani;3
 ; ; ;Srednje뚎lska;;
 ; ; ; ;Dr료vljani RS;23
 ; ; ; ;Tuji dr료vljani;13
 ; ; ;Vi뚉e뚎lska, visoko뚎lska;;
 ; ; ; ;Dr료vljani RS;17
 ; ; ; ;Tuji dr료vljani;10
 ; ;2017;;;
 ; ; ;Osnovno뚎lska ali manj;;
 ; ; ; ;Dr료vljani RS;0
 ; ; ; ;Tuji dr료vljani;189
 ; ; ;Srednje뚎lska;;
 ; ; ; ;Dr료vljani RS;3
 ; ; ; ;Tuji dr료vljani;159
 ; ; ;Vi뚉e뚎lska, visoko뚎lska;;
 ; ; ; ;Dr료vljani RS;2
 ; ; ; ;Tuji dr료vljani;6
 ;....Hrva뚊a;;;;
 ; ;2011;;;
 ; ; ;Osnovno뚎lska ali manj;;
 ; ; ; ;Dr료vljani RS;65
 ; ; ; ;Tuji dr료vljani;116
 ; ; ;Srednje뚎lska;;
 ; ; ; ;Dr료vljani RS;151
 ; ; ; ;Tuji dr료vljani;233
 ; ; ;Vi뚉e뚎lska, visoko뚎lska;;
 ; ; ; ;Dr료vljani RS;37
 ; ; ; ;Tuji dr료vljani;34
 ; ;2012;;;
 ; ; ;Osnovno뚎lska ali manj;;
 ; ; ; ;Dr료vljani RS;94
 ; ; ; ;Tuji dr료vljani;85
 ; ; ;Srednje뚎lska;;
 ; ; ; ;Dr료vljani RS;154
 ; ; ; ;Tuji dr료vljani;270
 ; ; ;Vi뚉e뚎lska, visoko뚎lska;;
 ; ; ; ;Dr료vljani RS;42
 ; ; ; ;Tuji dr료vljani;37
 ; ;2013;;;
 ; ; ;Osnovno뚎lska ali manj;;
 ; ; ; ;Dr료vljani RS;86
 ; ; ; ;Tuji dr료vljani;102
 ; ; ;Srednje뚎lska;;
 ; ; ; ;Dr료vljani RS;178
 ; ; ; ;Tuji dr료vljani;340
 ; ; ;Vi뚉e뚎lska, visoko뚎lska;;
 ; ; ; ;Dr료vljani RS;52
 ; ; ; ;Tuji dr료vljani;65
 ; ;2014;;;
 ; ; ;Osnovno뚎lska ali manj;;
 ; ; ; ;Dr료vljani RS;69
 ; ; ; ;Tuji dr료vljani;160
 ; ; ;Srednje뚎lska;;
 ; ; ; ;Dr료vljani RS;139
 ; ; ; ;Tuji dr료vljani;435
 ; ; ;Vi뚉e뚎lska, visoko뚎lska;;
 ; ; ; ;Dr료vljani RS;41
 ; ; ; ;Tuji dr료vljani;51
 ; ;2015;;;
 ; ; ;Osnovno뚎lska ali manj;;
 ; ; ; ;Dr료vljani RS;52
 ; ; ; ;Tuji dr료vljani;99
 ; ; ;Srednje뚎lska;;
 ; ; ; ;Dr료vljani RS;155
 ; ; ; ;Tuji dr료vljani;346
 ; ; ;Vi뚉e뚎lska, visoko뚎lska;;
 ; ; ; ;Dr료vljani RS;39
 ; ; ; ;Tuji dr료vljani;51
 ; ;2016;;;
 ; ; ;Osnovno뚎lska ali manj;;
 ; ; ; ;Dr료vljani RS;50
 ; ; ; ;Tuji dr료vljani;92
 ; ; ;Srednje뚎lska;;
 ; ; ; ;Dr료vljani RS;127
 ; ; ; ;Tuji dr료vljani;324
 ; ; ;Vi뚉e뚎lska, visoko뚎lska;;
 ; ; ; ;Dr료vljani RS;35
 ; ; ; ;Tuji dr료vljani;49
 ; ;2017;;;
 ; ; ;Osnovno뚎lska ali manj;;
 ; ; ; ;Dr료vljani RS;53
 ; ; ; ;Tuji dr료vljani;52
 ; ; ;Srednje뚎lska;;
 ; ; ; ;Dr료vljani RS;142
 ; ; ; ;Tuji dr료vljani;383
 ; ; ;Vi뚉e뚎lska, visoko뚎lska;;
 ; ; ; ;Dr료vljani RS;68
 ; ; ; ;Tuji dr료vljani;55
 ;....Italija;;;;
 ; ;2011;;;
 ; ; ;Osnovno뚎lska ali manj;;
 ; ; ; ;Dr료vljani RS;35
 ; ; ; ;Tuji dr료vljani;36
 ; ; ;Srednje뚎lska;;
 ; ; ; ;Dr료vljani RS;55
 ; ; ; ;Tuji dr료vljani;62
 ; ; ;Vi뚉e뚎lska, visoko뚎lska;;
 ; ; ; ;Dr료vljani RS;12
 ; ; ; ;Tuji dr료vljani;9
 ; ;2012;;;
 ; ; ;Osnovno뚎lska ali manj;;
 ; ; ; ;Dr료vljani RS;42
 ; ; ; ;Tuji dr료vljani;31
 ; ; ;Srednje뚎lska;;
 ; ; ; ;Dr료vljani RS;71
 ; ; ; ;Tuji dr료vljani;60
 ; ; ;Vi뚉e뚎lska, visoko뚎lska;;
 ; ; ; ;Dr료vljani RS;25
 ; ; ; ;Tuji dr료vljani;16
 ; ;2013;;;
 ; ; ;Osnovno뚎lska ali manj;;
 ; ; ; ;Dr료vljani RS;26
 ; ; ; ;Tuji dr료vljani;28
 ; ; ;Srednje뚎lska;;
 ; ; ; ;Dr료vljani RS;58
 ; ; ; ;Tuji dr료vljani;77
 ; ; ;Vi뚉e뚎lska, visoko뚎lska;;
 ; ; ; ;Dr료vljani RS;19
 ; ; ; ;Tuji dr료vljani;17
 ; ;2014;;;
 ; ; ;Osnovno뚎lska ali manj;;
 ; ; ; ;Dr료vljani RS;22
 ; ; ; ;Tuji dr료vljani;55
 ; ; ;Srednje뚎lska;;
 ; ; ; ;Dr료vljani RS;60
 ; ; ; ;Tuji dr료vljani;92
 ; ; ;Vi뚉e뚎lska, visoko뚎lska;;
 ; ; ; ;Dr료vljani RS;21
 ; ; ; ;Tuji dr료vljani;21
 ; ;2015;;;
 ; ; ;Osnovno뚎lska ali manj;;
 ; ; ; ;Dr료vljani RS;13
 ; ; ; ;Tuji dr료vljani;47
 ; ; ;Srednje뚎lska;;
 ; ; ; ;Dr료vljani RS;61
 ; ; ; ;Tuji dr료vljani;101
 ; ; ;Vi뚉e뚎lska, visoko뚎lska;;
 ; ; ; ;Dr료vljani RS;23
 ; ; ; ;Tuji dr료vljani;24
 ; ;2016;;;
 ; ; ;Osnovno뚎lska ali manj;;
 ; ; ; ;Dr료vljani RS;18
 ; ; ; ;Tuji dr료vljani;36
 ; ; ;Srednje뚎lska;;
 ; ; ; ;Dr료vljani RS;60
 ; ; ; ;Tuji dr료vljani;154
 ; ; ;Vi뚉e뚎lska, visoko뚎lska;;
 ; ; ; ;Dr료vljani RS;21
 ; ; ; ;Tuji dr료vljani;35
 ; ;2017;;;
 ; ; ;Osnovno뚎lska ali manj;;
 ; ; ; ;Dr료vljani RS;23
 ; ; ; ;Tuji dr료vljani;47
 ; ; ;Srednje뚎lska;;
 ; ; ; ;Dr료vljani RS;70
 ; ; ; ;Tuji dr료vljani;165
 ; ; ;Vi뚉e뚎lska, visoko뚎lska;;
 ; ; ; ;Dr료vljani RS;34
 ; ; ; ;Tuji dr료vljani;45
 ;....Nem粕ja;;;;
 ; ;2011;;;
 ; ; ;Osnovno뚎lska ali manj;;
 ; ; ; ;Dr료vljani RS;131
 ; ; ; ;Tuji dr료vljani;15
 ; ; ;Srednje뚎lska;;
 ; ; ; ;Dr료vljani RS;289
 ; ; ; ;Tuji dr료vljani;31
 ; ; ;Vi뚉e뚎lska, visoko뚎lska;;
 ; ; ; ;Dr료vljani RS;69
 ; ; ; ;Tuji dr료vljani;7
 ; ;2012;;;
 ; ; ;Osnovno뚎lska ali manj;;
 ; ; ; ;Dr료vljani RS;280
 ; ; ; ;Tuji dr료vljani;27
 ; ; ;Srednje뚎lska;;
 ; ; ; ;Dr료vljani RS;559
 ; ; ; ;Tuji dr료vljani;48
 ; ; ;Vi뚉e뚎lska, visoko뚎lska;;
 ; ; ; ;Dr료vljani RS;161
 ; ; ; ;Tuji dr료vljani;9
 ; ;2013;;;
 ; ; ;Osnovno뚎lska ali manj;;
 ; ; ; ;Dr료vljani RS;194
 ; ; ; ;Tuji dr료vljani;42
 ; ; ;Srednje뚎lska;;
 ; ; ; ;Dr료vljani RS;446
 ; ; ; ;Tuji dr료vljani;75
 ; ; ;Vi뚉e뚎lska, visoko뚎lska;;
 ; ; ; ;Dr료vljani RS;108
 ; ; ; ;Tuji dr료vljani;14
 ; ;2014;;;
 ; ; ;Osnovno뚎lska ali manj;;
 ; ; ; ;Dr료vljani RS;161
 ; ; ; ;Tuji dr료vljani;59
 ; ; ;Srednje뚎lska;;
 ; ; ; ;Dr료vljani RS;421
 ; ; ; ;Tuji dr료vljani;153
 ; ; ;Vi뚉e뚎lska, visoko뚎lska;;
 ; ; ; ;Dr료vljani RS;149
 ; ; ; ;Tuji dr료vljani;13
 ; ;2015;;;
 ; ; ;Osnovno뚎lska ali manj;;
 ; ; ; ;Dr료vljani RS;186
 ; ; ; ;Tuji dr료vljani;120
 ; ; ;Srednje뚎lska;;
 ; ; ; ;Dr료vljani RS;447
 ; ; ; ;Tuji dr료vljani;250
 ; ; ;Vi뚉e뚎lska, visoko뚎lska;;
 ; ; ; ;Dr료vljani RS;166
 ; ; ; ;Tuji dr료vljani;10
 ; ;2016;;;
 ; ; ;Osnovno뚎lska ali manj;;
 ; ; ; ;Dr료vljani RS;166
 ; ; ; ;Tuji dr료vljani;105
 ; ; ;Srednje뚎lska;;
 ; ; ; ;Dr료vljani RS;485
 ; ; ; ;Tuji dr료vljani;313
 ; ; ;Vi뚉e뚎lska, visoko뚎lska;;
 ; ; ; ;Dr료vljani RS;189
 ; ; ; ;Tuji dr료vljani;21
 ; ;2017;;;
 ; ; ;Osnovno뚎lska ali manj;;
 ; ; ; ;Dr료vljani RS;143
 ; ; ; ;Tuji dr료vljani;159
 ; ; ;Srednje뚎lska;;
 ; ; ; ;Dr료vljani RS;502
 ; ; ; ;Tuji dr료vljani;481
 ; ; ;Vi뚉e뚎lska, visoko뚎lska;;
 ; ; ; ;Dr료vljani RS;225
 ; ; ; ;Tuji dr료vljani;19
 ;....Slova뚊a;;;;
 ; ;2011;;;
 ; ; ;Osnovno뚎lska ali manj;;
 ; ; ; ;Dr료vljani RS;2
 ; ; ; ;Tuji dr료vljani;36
 ; ; ;Srednje뚎lska;;
 ; ; ; ;Dr료vljani RS;2
 ; ; ; ;Tuji dr료vljani;76
 ; ; ;Vi뚉e뚎lska, visoko뚎lska;;
 ; ; ; ;Dr료vljani RS;4
 ; ; ; ;Tuji dr료vljani;8
 ; ;2012;;;
 ; ; ;Osnovno뚎lska ali manj;;
 ; ; ; ;Dr료vljani RS;0
 ; ; ; ;Tuji dr료vljani;26
 ; ; ;Srednje뚎lska;;
 ; ; ; ;Dr료vljani RS;2
 ; ; ; ;Tuji dr료vljani;31
 ; ; ;Vi뚉e뚎lska, visoko뚎lska;;
 ; ; ; ;Dr료vljani RS;2
 ; ; ; ;Tuji dr료vljani;1
 ; ;2013;;;
 ; ; ;Osnovno뚎lska ali manj;;
 ; ; ; ;Dr료vljani RS;0
 ; ; ; ;Tuji dr료vljani;21
 ; ; ;Srednje뚎lska;;
 ; ; ; ;Dr료vljani RS;4
 ; ; ; ;Tuji dr료vljani;27
 ; ; ;Vi뚉e뚎lska, visoko뚎lska;;
 ; ; ; ;Dr료vljani RS;2
 ; ; ; ;Tuji dr료vljani;5
 ; ;2014;;;
 ; ; ;Osnovno뚎lska ali manj;;
 ; ; ; ;Dr료vljani RS;0
 ; ; ; ;Tuji dr료vljani;20
 ; ; ;Srednje뚎lska;;
 ; ; ; ;Dr료vljani RS;3
 ; ; ; ;Tuji dr료vljani;26
 ; ; ;Vi뚉e뚎lska, visoko뚎lska;;
 ; ; ; ;Dr료vljani RS;1
 ; ; ; ;Tuji dr료vljani;3
 ; ;2015;;;
 ; ; ;Osnovno뚎lska ali manj;;
 ; ; ; ;Dr료vljani RS;3
 ; ; ; ;Tuji dr료vljani;20
 ; ; ;Srednje뚎lska;;
 ; ; ; ;Dr료vljani RS;4
 ; ; ; ;Tuji dr료vljani;45
 ; ; ;Vi뚉e뚎lska, visoko뚎lska;;
 ; ; ; ;Dr료vljani RS;1
 ; ; ; ;Tuji dr료vljani;3
 ; ;2016;;;
 ; ; ;Osnovno뚎lska ali manj;;
 ; ; ; ;Dr료vljani RS;1
 ; ; ; ;Tuji dr료vljani;13
 ; ; ;Srednje뚎lska;;
 ; ; ; ;Dr료vljani RS;10
 ; ; ; ;Tuji dr료vljani;28
 ; ; ;Vi뚉e뚎lska, visoko뚎lska;;
 ; ; ; ;Dr료vljani RS;5
 ; ; ; ;Tuji dr료vljani;5
 ; ;2017;;;
 ; ; ;Osnovno뚎lska ali manj;;
 ; ; ; ;Dr료vljani RS;1
 ; ; ; ;Tuji dr료vljani;16
 ; ; ;Srednje뚎lska;;
 ; ; ; ;Dr료vljani RS;5
 ; ; ; ;Tuji dr료vljani;23
 ; ; ;Vi뚉e뚎lska, visoko뚎lska;;
 ; ; ; ;Dr료vljani RS;3
 ; ; ; ;Tuji dr료vljani;0
 ;....Zdru룐no kraljestvo;;;;
 ; ;2011;;;
 ; ; ;Osnovno뚎lska ali manj;;
 ; ; ; ;Dr료vljani RS;7
 ; ; ; ;Tuji dr료vljani;10
 ; ; ;Srednje뚎lska;;
 ; ; ; ;Dr료vljani RS;32
 ; ; ; ;Tuji dr료vljani;15
 ; ; ;Vi뚉e뚎lska, visoko뚎lska;;
 ; ; ; ;Dr료vljani RS;17
 ; ; ; ;Tuji dr료vljani;10
 ; ;2012;;;
 ; ; ;Osnovno뚎lska ali manj;;
 ; ; ; ;Dr료vljani RS;17
 ; ; ; ;Tuji dr료vljani;9
 ; ; ;Srednje뚎lska;;
 ; ; ; ;Dr료vljani RS;64
 ; ; ; ;Tuji dr료vljani;20
 ; ; ;Vi뚉e뚎lska, visoko뚎lska;;
 ; ; ; ;Dr료vljani RS;46
 ; ; ; ;Tuji dr료vljani;13
 ; ;2013;;;
 ; ; ;Osnovno뚎lska ali manj;;
 ; ; ; ;Dr료vljani RS;17
 ; ; ; ;Tuji dr료vljani;7
 ; ; ;Srednje뚎lska;;
 ; ; ; ;Dr료vljani RS;65
 ; ; ; ;Tuji dr료vljani;31
 ; ; ;Vi뚉e뚎lska, visoko뚎lska;;
 ; ; ; ;Dr료vljani RS;50
 ; ; ; ;Tuji dr료vljani;9
 ; ;2014;;;
 ; ; ;Osnovno뚎lska ali manj;;
 ; ; ; ;Dr료vljani RS;22
 ; ; ; ;Tuji dr료vljani;14
 ; ; ;Srednje뚎lska;;
 ; ; ; ;Dr료vljani RS;82
 ; ; ; ;Tuji dr료vljani;19
 ; ; ;Vi뚉e뚎lska, visoko뚎lska;;
 ; ; ; ;Dr료vljani RS;75
 ; ; ; ;Tuji dr료vljani;8
 ; ;2015;;;
 ; ; ;Osnovno뚎lska ali manj;;
 ; ; ; ;Dr료vljani RS;13
 ; ; ; ;Tuji dr료vljani;10
 ; ; ;Srednje뚎lska;;
 ; ; ; ;Dr료vljani RS;99
 ; ; ; ;Tuji dr료vljani;12
 ; ; ;Vi뚉e뚎lska, visoko뚎lska;;
 ; ; ; ;Dr료vljani RS;81
 ; ; ; ;Tuji dr료vljani;12
 ; ;2016;;;
 ; ; ;Osnovno뚎lska ali manj;;
 ; ; ; ;Dr료vljani RS;21
 ; ; ; ;Tuji dr료vljani;6
 ; ; ;Srednje뚎lska;;
 ; ; ; ;Dr료vljani RS;100
 ; ; ; ;Tuji dr료vljani;15
 ; ; ;Vi뚉e뚎lska, visoko뚎lska;;
 ; ; ; ;Dr료vljani RS;91
 ; ; ; ;Tuji dr료vljani;6
 ; ;2017;;;
 ; ; ;Osnovno뚎lska ali manj;;
 ; ; ; ;Dr료vljani RS;23
 ; ; ; ;Tuji dr료vljani;6
 ; ; ;Srednje뚎lska;;
 ; ; ; ;Dr료vljani RS;142
 ; ; ; ;Tuji dr료vljani;17
 ; ; ;Vi뚉e뚎lska, visoko뚎lska;;
 ; ; ; ;Dr료vljani RS;108
 ; ; ; ;Tuji dr료vljani;9
 ;....ostale dr료ve 舶anice EU;;;;
 ; ;2011;;;
 ; ; ;Osnovno뚎lska ali manj;;
 ; ; ; ;Dr료vljani RS;44
 ; ; ; ;Tuji dr료vljani;72
 ; ; ;Srednje뚎lska;;
 ; ; ; ;Dr료vljani RS;100
 ; ; ; ;Tuji dr료vljani;82
 ; ; ;Vi뚉e뚎lska, visoko뚎lska;;
 ; ; ; ;Dr료vljani RS;63
 ; ; ; ;Tuji dr료vljani;35
 ; ;2012;;;
 ; ; ;Osnovno뚎lska ali manj;;
 ; ; ; ;Dr료vljani RS;67
 ; ; ; ;Tuji dr료vljani;49
 ; ; ;Srednje뚎lska;;
 ; ; ; ;Dr료vljani RS;175
 ; ; ; ;Tuji dr료vljani;65
 ; ; ;Vi뚉e뚎lska, visoko뚎lska;;
 ; ; ; ;Dr료vljani RS;95
 ; ; ; ;Tuji dr료vljani;33
 ; ;2013;;;
 ; ; ;Osnovno뚎lska ali manj;;
 ; ; ; ;Dr료vljani RS;46
 ; ; ; ;Tuji dr료vljani;53
 ; ; ;Srednje뚎lska;;
 ; ; ; ;Dr료vljani RS;161
 ; ; ; ;Tuji dr료vljani;74
 ; ; ;Vi뚉e뚎lska, visoko뚎lska;;
 ; ; ; ;Dr료vljani RS;89
 ; ; ; ;Tuji dr료vljani;37
 ; ;2014;;;
 ; ; ;Osnovno뚎lska ali manj;;
 ; ; ; ;Dr료vljani RS;41
 ; ; ; ;Tuji dr료vljani;70
 ; ; ;Srednje뚎lska;;
 ; ; ; ;Dr료vljani RS;148
 ; ; ; ;Tuji dr료vljani;122
 ; ; ;Vi뚉e뚎lska, visoko뚎lska;;
 ; ; ; ;Dr료vljani RS;118
 ; ; ; ;Tuji dr료vljani;32
 ; ;2015;;;
 ; ; ;Osnovno뚎lska ali manj;;
 ; ; ; ;Dr료vljani RS;30
 ; ; ; ;Tuji dr료vljani;89
 ; ; ;Srednje뚎lska;;
 ; ; ; ;Dr료vljani RS;129
 ; ; ; ;Tuji dr료vljani;139
 ; ; ;Vi뚉e뚎lska, visoko뚎lska;;
 ; ; ; ;Dr료vljani RS;121
 ; ; ; ;Tuji dr료vljani;33
 ; ;2016;;;
 ; ; ;Osnovno뚎lska ali manj;;
 ; ; ; ;Dr료vljani RS;38
 ; ; ; ;Tuji dr료vljani;74
 ; ; ;Srednje뚎lska;;
 ; ; ; ;Dr료vljani RS;168
 ; ; ; ;Tuji dr료vljani;70
 ; ; ;Vi뚉e뚎lska, visoko뚎lska;;
 ; ; ; ;Dr료vljani RS;168
 ; ; ; ;Tuji dr료vljani;32
 ; ;2017;;;
 ; ; ;Osnovno뚎lska ali manj;;
 ; ; ; ;Dr료vljani RS;57
 ; ; ; ;Tuji dr료vljani;78
 ; ; ;Srednje뚎lska;;
 ; ; ; ;Dr료vljani RS;203
 ; ; ; ;Tuji dr료vljani;114
 ; ; ;Vi뚉e뚎lska, visoko뚎lska;;
 ; ; ; ;Dr료vljani RS;201
 ; ; ; ;Tuji dr료vljani;47
 ;....Ruska federacija;;;;
 ; ;2011;;;
 ; ; ;Osnovno뚎lska ali manj;;
 ; ; ; ;Dr료vljani RS;2
 ; ; ; ;Tuji dr료vljani;5
 ; ; ;Srednje뚎lska;;
 ; ; ; ;Dr료vljani RS;6
 ; ; ; ;Tuji dr료vljani;6
 ; ; ;Vi뚉e뚎lska, visoko뚎lska;;
 ; ; ; ;Dr료vljani RS;3
 ; ; ; ;Tuji dr료vljani;10
 ; ;2012;;;
 ; ; ;Osnovno뚎lska ali manj;;
 ; ; ; ;Dr료vljani RS;1
 ; ; ; ;Tuji dr료vljani;6
 ; ; ;Srednje뚎lska;;
 ; ; ; ;Dr료vljani RS;4
 ; ; ; ;Tuji dr료vljani;5
 ; ; ;Vi뚉e뚎lska, visoko뚎lska;;
 ; ; ; ;Dr료vljani RS;5
 ; ; ; ;Tuji dr료vljani;13
 ; ;2013;;;
 ; ; ;Osnovno뚎lska ali manj;;
 ; ; ; ;Dr료vljani RS;6
 ; ; ; ;Tuji dr료vljani;2
 ; ; ;Srednje뚎lska;;
 ; ; ; ;Dr료vljani RS;3
 ; ; ; ;Tuji dr료vljani;3
 ; ; ;Vi뚉e뚎lska, visoko뚎lska;;
 ; ; ; ;Dr료vljani RS;14
 ; ; ; ;Tuji dr료vljani;19
 ; ;2014;;;
 ; ; ;Osnovno뚎lska ali manj;;
 ; ; ; ;Dr료vljani RS;2
 ; ; ; ;Tuji dr료vljani;10
 ; ; ;Srednje뚎lska;;
 ; ; ; ;Dr료vljani RS;2
 ; ; ; ;Tuji dr료vljani;3
 ; ; ;Vi뚉e뚎lska, visoko뚎lska;;
 ; ; ; ;Dr료vljani RS;10
 ; ; ; ;Tuji dr료vljani;16
 ; ;2015;;;
 ; ; ;Osnovno뚎lska ali manj;;
 ; ; ; ;Dr료vljani RS;1
 ; ; ; ;Tuji dr료vljani;27
 ; ; ;Srednje뚎lska;;
 ; ; ; ;Dr료vljani RS;7
 ; ; ; ;Tuji dr료vljani;10
 ; ; ;Vi뚉e뚎lska, visoko뚎lska;;
 ; ; ; ;Dr료vljani RS;11
 ; ; ; ;Tuji dr료vljani;33
 ; ;2016;;;
 ; ; ;Osnovno뚎lska ali manj;;
 ; ; ; ;Dr료vljani RS;1
 ; ; ; ;Tuji dr료vljani;22
 ; ; ;Srednje뚎lska;;
 ; ; ; ;Dr료vljani RS;6
 ; ; ; ;Tuji dr료vljani;15
 ; ; ;Vi뚉e뚎lska, visoko뚎lska;;
 ; ; ; ;Dr료vljani RS;7
 ; ; ; ;Tuji dr료vljani;45
 ; ;2017;;;
 ; ; ;Osnovno뚎lska ali manj;;
 ; ; ; ;Dr료vljani RS;2
 ; ; ; ;Tuji dr료vljani;32
 ; ; ;Srednje뚎lska;;
 ; ; ; ;Dr료vljani RS;5
 ; ; ; ;Tuji dr료vljani;16
 ; ; ;Vi뚉e뚎lska, visoko뚎lska;;
 ; ; ; ;Dr료vljani RS;10
 ; ; ; ;Tuji dr료vljani;68
 ;....굤ica;;;;
 ; ;2011;;;
 ; ; ;Osnovno뚎lska ali manj;;
 ; ; ; ;Dr료vljani RS;28
 ; ; ; ;Tuji dr료vljani;2
 ; ; ;Srednje뚎lska;;
 ; ; ; ;Dr료vljani RS;47
 ; ; ; ;Tuji dr료vljani;4
 ; ; ;Vi뚉e뚎lska, visoko뚎lska;;
 ; ; ; ;Dr료vljani RS;23
 ; ; ; ;Tuji dr료vljani;1
 ; ;2012;;;
 ; ; ;Osnovno뚎lska ali manj;;
 ; ; ; ;Dr료vljani RS;73
 ; ; ; ;Tuji dr료vljani;7
 ; ; ;Srednje뚎lska;;
 ; ; ; ;Dr료vljani RS;120
 ; ; ; ;Tuji dr료vljani;8
 ; ; ;Vi뚉e뚎lska, visoko뚎lska;;
 ; ; ; ;Dr료vljani RS;41
 ; ; ; ;Tuji dr료vljani;1
 ; ;2013;;;
 ; ; ;Osnovno뚎lska ali manj;;
 ; ; ; ;Dr료vljani RS;56
 ; ; ; ;Tuji dr료vljani;13
 ; ; ;Srednje뚎lska;;
 ; ; ; ;Dr료vljani RS;134
 ; ; ; ;Tuji dr료vljani;7
 ; ; ;Vi뚉e뚎lska, visoko뚎lska;;
 ; ; ; ;Dr료vljani RS;34
 ; ; ; ;Tuji dr료vljani;0
 ; ;2014;;;
 ; ; ;Osnovno뚎lska ali manj;;
 ; ; ; ;Dr료vljani RS;71
 ; ; ; ;Tuji dr료vljani;13
 ; ; ;Srednje뚎lska;;
 ; ; ; ;Dr료vljani RS;171
 ; ; ; ;Tuji dr료vljani;17
 ; ; ;Vi뚉e뚎lska, visoko뚎lska;;
 ; ; ; ;Dr료vljani RS;48
 ; ; ; ;Tuji dr료vljani;0
 ; ;2015;;;
 ; ; ;Osnovno뚎lska ali manj;;
 ; ; ; ;Dr료vljani RS;103
 ; ; ; ;Tuji dr료vljani;4
 ; ; ;Srednje뚎lska;;
 ; ; ; ;Dr료vljani RS;225
 ; ; ; ;Tuji dr료vljani;10
 ; ; ;Vi뚉e뚎lska, visoko뚎lska;;
 ; ; ; ;Dr료vljani RS;92
 ; ; ; ;Tuji dr료vljani;3
 ; ;2016;;;
 ; ; ;Osnovno뚎lska ali manj;;
 ; ; ; ;Dr료vljani RS;97
 ; ; ; ;Tuji dr료vljani;8
 ; ; ;Srednje뚎lska;;
 ; ; ; ;Dr료vljani RS;268
 ; ; ; ;Tuji dr료vljani;13
 ; ; ;Vi뚉e뚎lska, visoko뚎lska;;
 ; ; ; ;Dr료vljani RS;68
 ; ; ; ;Tuji dr료vljani;2
 ; ;2017;;;
 ; ; ;Osnovno뚎lska ali manj;;
 ; ; ; ;Dr료vljani RS;88
 ; ; ; ;Tuji dr료vljani;7
 ; ; ;Srednje뚎lska;;
 ; ; ; ;Dr료vljani RS;253
 ; ; ; ;Tuji dr료vljani;12
 ; ; ;Vi뚉e뚎lska, visoko뚎lska;;
 ; ; ; ;Dr료vljani RS;59
 ; ; ; ;Tuji dr료vljani;1
 ;....Ukrajina;;;;
 ; ;2011;;;
 ; ; ;Osnovno뚎lska ali manj;;
 ; ; ; ;Dr료vljani RS;2
 ; ; ; ;Tuji dr료vljani;14
 ; ; ;Srednje뚎lska;;
 ; ; ; ;Dr료vljani RS;8
 ; ; ; ;Tuji dr료vljani;16
 ; ; ;Vi뚉e뚎lska, visoko뚎lska;;
 ; ; ; ;Dr료vljani RS;1
 ; ; ; ;Tuji dr료vljani;4
 ; ;2012;;;
 ; ; ;Osnovno뚎lska ali manj;;
 ; ; ; ;Dr료vljani RS;1
 ; ; ; ;Tuji dr료vljani;15
 ; ; ;Srednje뚎lska;;
 ; ; ; ;Dr료vljani RS;3
 ; ; ; ;Tuji dr료vljani;23
 ; ; ;Vi뚉e뚎lska, visoko뚎lska;;
 ; ; ; ;Dr료vljani RS;1
 ; ; ; ;Tuji dr료vljani;2
 ; ;2013;;;
 ; ; ;Osnovno뚎lska ali manj;;
 ; ; ; ;Dr료vljani RS;1
 ; ; ; ;Tuji dr료vljani;13
 ; ; ;Srednje뚎lska;;
 ; ; ; ;Dr료vljani RS;3
 ; ; ; ;Tuji dr료vljani;23
 ; ; ;Vi뚉e뚎lska, visoko뚎lska;;
 ; ; ; ;Dr료vljani RS;2
 ; ; ; ;Tuji dr료vljani;2
 ; ;2014;;;
 ; ; ;Osnovno뚎lska ali manj;;
 ; ; ; ;Dr료vljani RS;1
 ; ; ; ;Tuji dr료vljani;9
 ; ; ;Srednje뚎lska;;
 ; ; ; ;Dr료vljani RS;2
 ; ; ; ;Tuji dr료vljani;14
 ; ; ;Vi뚉e뚎lska, visoko뚎lska;;
 ; ; ; ;Dr료vljani RS;1
 ; ; ; ;Tuji dr료vljani;9
 ; ;2015;;;
 ; ; ;Osnovno뚎lska ali manj;;
 ; ; ; ;Dr료vljani RS;0
 ; ; ; ;Tuji dr료vljani;6
 ; ; ;Srednje뚎lska;;
 ; ; ; ;Dr료vljani RS;3
 ; ; ; ;Tuji dr료vljani;10
 ; ; ;Vi뚉e뚎lska, visoko뚎lska;;
 ; ; ; ;Dr료vljani RS;2
 ; ; ; ;Tuji dr료vljani;10
 ; ;2016;;;
 ; ; ;Osnovno뚎lska ali manj;;
 ; ; ; ;Dr료vljani RS;1
 ; ; ; ;Tuji dr료vljani;11
 ; ; ;Srednje뚎lska;;
 ; ; ; ;Dr료vljani RS;0
 ; ; ; ;Tuji dr료vljani;8
 ; ; ;Vi뚉e뚎lska, visoko뚎lska;;
 ; ; ; ;Dr료vljani RS;0
 ; ; ; ;Tuji dr료vljani;15
 ; ;2017;;;
 ; ; ;Osnovno뚎lska ali manj;;
 ; ; ; ;Dr료vljani RS;1
 ; ; ; ;Tuji dr료vljani;11
 ; ; ;Srednje뚎lska;;
 ; ; ; ;Dr료vljani RS;1
 ; ; ; ;Tuji dr료vljani;24
 ; ; ;Vi뚉e뚎lska, visoko뚎lska;;
 ; ; ; ;Dr료vljani RS;4
 ; ; ; ;Tuji dr료vljani;21
 ;....ostale evropske dr료ve;;;;
 ; ;2011;;;
 ; ; ;Osnovno뚎lska ali manj;;
 ; ; ; ;Dr료vljani RS;4
 ; ; ; ;Tuji dr료vljani;9
 ; ; ;Srednje뚎lska;;
 ; ; ; ;Dr료vljani RS;8
 ; ; ; ;Tuji dr료vljani;8
 ; ; ;Vi뚉e뚎lska, visoko뚎lska;;
 ; ; ; ;Dr료vljani RS;3
 ; ; ; ;Tuji dr료vljani;5
 ; ;2012;;;
 ; ; ;Osnovno뚎lska ali manj;;
 ; ; ; ;Dr료vljani RS;7
 ; ; ; ;Tuji dr료vljani;10
 ; ; ;Srednje뚎lska;;
 ; ; ; ;Dr료vljani RS;16
 ; ; ; ;Tuji dr료vljani;4
 ; ; ;Vi뚉e뚎lska, visoko뚎lska;;
 ; ; ; ;Dr료vljani RS;6
 ; ; ; ;Tuji dr료vljani;2
 ; ;2013;;;
 ; ; ;Osnovno뚎lska ali manj;;
 ; ; ; ;Dr료vljani RS;4
 ; ; ; ;Tuji dr료vljani;5
 ; ; ;Srednje뚎lska;;
 ; ; ; ;Dr료vljani RS;10
 ; ; ; ;Tuji dr료vljani;5
 ; ; ;Vi뚉e뚎lska, visoko뚎lska;;
 ; ; ; ;Dr료vljani RS;9
 ; ; ; ;Tuji dr료vljani;3
 ; ;2014;;;
 ; ; ;Osnovno뚎lska ali manj;;
 ; ; ; ;Dr료vljani RS;7
 ; ; ; ;Tuji dr료vljani;6
 ; ; ;Srednje뚎lska;;
 ; ; ; ;Dr료vljani RS;14
 ; ; ; ;Tuji dr료vljani;4
 ; ; ;Vi뚉e뚎lska, visoko뚎lska;;
 ; ; ; ;Dr료vljani RS;6
 ; ; ; ;Tuji dr료vljani;5
 ; ;2015;;;
 ; ; ;Osnovno뚎lska ali manj;;
 ; ; ; ;Dr료vljani RS;4
 ; ; ; ;Tuji dr료vljani;8
 ; ; ;Srednje뚎lska;;
 ; ; ; ;Dr료vljani RS;13
 ; ; ; ;Tuji dr료vljani;6
 ; ; ;Vi뚉e뚎lska, visoko뚎lska;;
 ; ; ; ;Dr료vljani RS;10
 ; ; ; ;Tuji dr료vljani;2
 ; ;2016;;;
 ; ; ;Osnovno뚎lska ali manj;;
 ; ; ; ;Dr료vljani RS;5
 ; ; ; ;Tuji dr료vljani;3
 ; ; ;Srednje뚎lska;;
 ; ; ; ;Dr료vljani RS;18
 ; ; ; ;Tuji dr료vljani;3
 ; ; ;Vi뚉e뚎lska, visoko뚎lska;;
 ; ; ; ;Dr료vljani RS;7
 ; ; ; ;Tuji dr료vljani;2
 ; ;2017;;;
 ; ; ;Osnovno뚎lska ali manj;;
 ; ; ; ;Dr료vljani RS;6
 ; ; ; ;Tuji dr료vljani;3
 ; ; ;Srednje뚎lska;;
 ; ; ; ;Dr료vljani RS;16
 ; ; ; ;Tuji dr료vljani;2
 ; ; ;Vi뚉e뚎lska, visoko뚎lska;;
 ; ; ; ;Dr료vljani RS;9
 ; ; ; ;Tuji dr료vljani;3
 ;AFRIKA;;;;
 ; ;2011;;;
 ; ; ;Osnovno뚎lska ali manj;;
 ; ; ; ;Dr료vljani RS;2
 ; ; ; ;Tuji dr료vljani;6
 ; ; ;Srednje뚎lska;;
 ; ; ; ;Dr료vljani RS;14
 ; ; ; ;Tuji dr료vljani;10
 ; ; ;Vi뚉e뚎lska, visoko뚎lska;;
 ; ; ; ;Dr료vljani RS;0
 ; ; ; ;Tuji dr료vljani;6
 ; ;2012;;;
 ; ; ;Osnovno뚎lska ali manj;;
 ; ; ; ;Dr료vljani RS;7
 ; ; ; ;Tuji dr료vljani;6
 ; ; ;Srednje뚎lska;;
 ; ; ; ;Dr료vljani RS;7
 ; ; ; ;Tuji dr료vljani;11
 ; ; ;Vi뚉e뚎lska, visoko뚎lska;;
 ; ; ; ;Dr료vljani RS;7
 ; ; ; ;Tuji dr료vljani;4
 ; ;2013;;;
 ; ; ;Osnovno뚎lska ali manj;;
 ; ; ; ;Dr료vljani RS;4
 ; ; ; ;Tuji dr료vljani;9
 ; ; ;Srednje뚎lska;;
 ; ; ; ;Dr료vljani RS;8
 ; ; ; ;Tuji dr료vljani;8
 ; ; ;Vi뚉e뚎lska, visoko뚎lska;;
 ; ; ; ;Dr료vljani RS;5
 ; ; ; ;Tuji dr료vljani;4
 ; ;2014;;;
 ; ; ;Osnovno뚎lska ali manj;;
 ; ; ; ;Dr료vljani RS;0
 ; ; ; ;Tuji dr료vljani;10
 ; ; ;Srednje뚎lska;;
 ; ; ; ;Dr료vljani RS;4
 ; ; ; ;Tuji dr료vljani;9
 ; ; ;Vi뚉e뚎lska, visoko뚎lska;;
 ; ; ; ;Dr료vljani RS;3
 ; ; ; ;Tuji dr료vljani;3
 ; ;2015;;;
 ; ; ;Osnovno뚎lska ali manj;;
 ; ; ; ;Dr료vljani RS;1
 ; ; ; ;Tuji dr료vljani;8
 ; ; ;Srednje뚎lska;;
 ; ; ; ;Dr료vljani RS;5
 ; ; ; ;Tuji dr료vljani;8
 ; ; ;Vi뚉e뚎lska, visoko뚎lska;;
 ; ; ; ;Dr료vljani RS;5
 ; ; ; ;Tuji dr료vljani;3
 ; ;2016;;;
 ; ; ;Osnovno뚎lska ali manj;;
 ; ; ; ;Dr료vljani RS;0
 ; ; ; ;Tuji dr료vljani;8
 ; ; ;Srednje뚎lska;;
 ; ; ; ;Dr료vljani RS;4
 ; ; ; ;Tuji dr료vljani;9
 ; ; ;Vi뚉e뚎lska, visoko뚎lska;;
 ; ; ; ;Dr료vljani RS;5
 ; ; ; ;Tuji dr료vljani;5
 ; ;2017;;;
 ; ; ;Osnovno뚎lska ali manj;;
 ; ; ; ;Dr료vljani RS;4
 ; ; ; ;Tuji dr료vljani;10
 ; ; ;Srednje뚎lska;;
 ; ; ; ;Dr료vljani RS;5
 ; ; ; ;Tuji dr료vljani;11
 ; ; ;Vi뚉e뚎lska, visoko뚎lska;;
 ; ; ; ;Dr료vljani RS;6
 ; ; ; ;Tuji dr료vljani;7
 ;AZIJA;;;;
 ; ;2011;;;
 ; ; ;Osnovno뚎lska ali manj;;
 ; ; ; ;Dr료vljani RS;5
 ; ; ; ;Tuji dr료vljani;56
 ; ; ;Srednje뚎lska;;
 ; ; ; ;Dr료vljani RS;13
 ; ; ; ;Tuji dr료vljani;37
 ; ; ;Vi뚉e뚎lska, visoko뚎lska;;
 ; ; ; ;Dr료vljani RS;16
 ; ; ; ;Tuji dr료vljani;21
 ; ;2012;;;
 ; ; ;Osnovno뚎lska ali manj;;
 ; ; ; ;Dr료vljani RS;10
 ; ; ; ;Tuji dr료vljani;39
 ; ; ;Srednje뚎lska;;
 ; ; ; ;Dr료vljani RS;27
 ; ; ; ;Tuji dr료vljani;40
 ; ; ;Vi뚉e뚎lska, visoko뚎lska;;
 ; ; ; ;Dr료vljani RS;29
 ; ; ; ;Tuji dr료vljani;23
 ; ;2013;;;
 ; ; ;Osnovno뚎lska ali manj;;
 ; ; ; ;Dr료vljani RS;11
 ; ; ; ;Tuji dr료vljani;21
 ; ; ;Srednje뚎lska;;
 ; ; ; ;Dr료vljani RS;40
 ; ; ; ;Tuji dr료vljani;28
 ; ; ;Vi뚉e뚎lska, visoko뚎lska;;
 ; ; ; ;Dr료vljani RS;34
 ; ; ; ;Tuji dr료vljani;14
 ; ;2014;;;
 ; ; ;Osnovno뚎lska ali manj;;
 ; ; ; ;Dr료vljani RS;7
 ; ; ; ;Tuji dr료vljani;32
 ; ; ;Srednje뚎lska;;
 ; ; ; ;Dr료vljani RS;44
 ; ; ; ;Tuji dr료vljani;44
 ; ; ;Vi뚉e뚎lska, visoko뚎lska;;
 ; ; ; ;Dr료vljani RS;62
 ; ; ; ;Tuji dr료vljani;21
 ; ;2015;;;
 ; ; ;Osnovno뚎lska ali manj;;
 ; ; ; ;Dr료vljani RS;5
 ; ; ; ;Tuji dr료vljani;19
 ; ; ;Srednje뚎lska;;
 ; ; ; ;Dr료vljani RS;39
 ; ; ; ;Tuji dr료vljani;36
 ; ; ;Vi뚉e뚎lska, visoko뚎lska;;
 ; ; ; ;Dr료vljani RS;47
 ; ; ; ;Tuji dr료vljani;22
 ; ;2016;;;
 ; ; ;Osnovno뚎lska ali manj;;
 ; ; ; ;Dr료vljani RS;5
 ; ; ; ;Tuji dr료vljani;17
 ; ; ;Srednje뚎lska;;
 ; ; ; ;Dr료vljani RS;35
 ; ; ; ;Tuji dr료vljani;44
 ; ; ;Vi뚉e뚎lska, visoko뚎lska;;
 ; ; ; ;Dr료vljani RS;39
 ; ; ; ;Tuji dr료vljani;26
 ; ;2017;;;
 ; ; ;Osnovno뚎lska ali manj;;
 ; ; ; ;Dr료vljani RS;6
 ; ; ; ;Tuji dr료vljani;21
 ; ; ;Srednje뚎lska;;
 ; ; ; ;Dr료vljani RS;48
 ; ; ; ;Tuji dr료vljani;61
 ; ; ;Vi뚉e뚎lska, visoko뚎lska;;
 ; ; ; ;Dr료vljani RS;61
 ; ; ; ;Tuji dr료vljani;31
 ;SEVERNA IN SREDNJA AMERIKA;;;;
 ; ;2011;;;
 ; ; ;Osnovno뚎lska ali manj;;
 ; ; ; ;Dr료vljani RS;24
 ; ; ; ;Tuji dr료vljani;18
 ; ; ;Srednje뚎lska;;
 ; ; ; ;Dr료vljani RS;79
 ; ; ; ;Tuji dr료vljani;9
 ; ; ;Vi뚉e뚎lska, visoko뚎lska;;
 ; ; ; ;Dr료vljani RS;31
 ; ; ; ;Tuji dr료vljani;7
 ; ;2012;;;
 ; ; ;Osnovno뚎lska ali manj;;
 ; ; ; ;Dr료vljani RS;36
 ; ; ; ;Tuji dr료vljani;14
 ; ; ;Srednje뚎lska;;
 ; ; ; ;Dr료vljani RS;106
 ; ; ; ;Tuji dr료vljani;11
 ; ; ;Vi뚉e뚎lska, visoko뚎lska;;
 ; ; ; ;Dr료vljani RS;49
 ; ; ; ;Tuji dr료vljani;10
 ; ;2013;;;
 ; ; ;Osnovno뚎lska ali manj;;
 ; ; ; ;Dr료vljani RS;50
 ; ; ; ;Tuji dr료vljani;16
 ; ; ;Srednje뚎lska;;
 ; ; ; ;Dr료vljani RS;101
 ; ; ; ;Tuji dr료vljani;10
 ; ; ;Vi뚉e뚎lska, visoko뚎lska;;
 ; ; ; ;Dr료vljani RS;61
 ; ; ; ;Tuji dr료vljani;9
 ; ;2014;;;
 ; ; ;Osnovno뚎lska ali manj;;
 ; ; ; ;Dr료vljani RS;33
 ; ; ; ;Tuji dr료vljani;11
 ; ; ;Srednje뚎lska;;
 ; ; ; ;Dr료vljani RS;91
 ; ; ; ;Tuji dr료vljani;9
 ; ; ;Vi뚉e뚎lska, visoko뚎lska;;
 ; ; ; ;Dr료vljani RS;55
 ; ; ; ;Tuji dr료vljani;16
 ; ;2015;;;
 ; ; ;Osnovno뚎lska ali manj;;
 ; ; ; ;Dr료vljani RS;34
 ; ; ; ;Tuji dr료vljani;7
 ; ; ;Srednje뚎lska;;
 ; ; ; ;Dr료vljani RS;93
 ; ; ; ;Tuji dr료vljani;18
 ; ; ;Vi뚉e뚎lska, visoko뚎lska;;
 ; ; ; ;Dr료vljani RS;66
 ; ; ; ;Tuji dr료vljani;11
 ; ;2016;;;
 ; ; ;Osnovno뚎lska ali manj;;
 ; ; ; ;Dr료vljani RS;16
 ; ; ; ;Tuji dr료vljani;14
 ; ; ;Srednje뚎lska;;
 ; ; ; ;Dr료vljani RS;68
 ; ; ; ;Tuji dr료vljani;16
 ; ; ;Vi뚉e뚎lska, visoko뚎lska;;
 ; ; ; ;Dr료vljani RS;65
 ; ; ; ;Tuji dr료vljani;7
 ; ;2017;;;
 ; ; ;Osnovno뚎lska ali manj;;
 ; ; ; ;Dr료vljani RS;26
 ; ; ; ;Tuji dr료vljani;7
 ; ; ;Srednje뚎lska;;
 ; ; ; ;Dr료vljani RS;88
 ; ; ; ;Tuji dr료vljani;15
 ; ; ;Vi뚉e뚎lska, visoko뚎lska;;
 ; ; ; ;Dr료vljani RS;66
 ; ; ; ;Tuji dr료vljani;13
 ;JU꾍A AMERIKA;;;;
 ; ;2011;;;
 ; ; ;Osnovno뚎lska ali manj;;
 ; ; ; ;Dr료vljani RS;4
 ; ; ; ;Tuji dr료vljani;4
 ; ; ;Srednje뚎lska;;
 ; ; ; ;Dr료vljani RS;7
 ; ; ; ;Tuji dr료vljani;5
 ; ; ;Vi뚉e뚎lska, visoko뚎lska;;
 ; ; ; ;Dr료vljani RS;3
 ; ; ; ;Tuji dr료vljani;2
 ; ;2012;;;
 ; ; ;Osnovno뚎lska ali manj;;
 ; ; ; ;Dr료vljani RS;8
 ; ; ; ;Tuji dr료vljani;6
 ; ; ;Srednje뚎lska;;
 ; ; ; ;Dr료vljani RS;10
 ; ; ; ;Tuji dr료vljani;4
 ; ; ;Vi뚉e뚎lska, visoko뚎lska;;
 ; ; ; ;Dr료vljani RS;8
 ; ; ; ;Tuji dr료vljani;2
 ; ;2013;;;
 ; ; ;Osnovno뚎lska ali manj;;
 ; ; ; ;Dr료vljani RS;2
 ; ; ; ;Tuji dr료vljani;2
 ; ; ;Srednje뚎lska;;
 ; ; ; ;Dr료vljani RS;13
 ; ; ; ;Tuji dr료vljani;4
 ; ; ;Vi뚉e뚎lska, visoko뚎lska;;
 ; ; ; ;Dr료vljani RS;7
 ; ; ; ;Tuji dr료vljani;2
 ; ;2014;;;
 ; ; ;Osnovno뚎lska ali manj;;
 ; ; ; ;Dr료vljani RS;3
 ; ; ; ;Tuji dr료vljani;3
 ; ; ;Srednje뚎lska;;
 ; ; ; ;Dr료vljani RS;8
 ; ; ; ;Tuji dr료vljani;3
 ; ; ;Vi뚉e뚎lska, visoko뚎lska;;
 ; ; ; ;Dr료vljani RS;4
 ; ; ; ;Tuji dr료vljani;0
 ; ;2015;;;
 ; ; ;Osnovno뚎lska ali manj;;
 ; ; ; ;Dr료vljani RS;5
 ; ; ; ;Tuji dr료vljani;4
 ; ; ;Srednje뚎lska;;
 ; ; ; ;Dr료vljani RS;7
 ; ; ; ;Tuji dr료vljani;5
 ; ; ;Vi뚉e뚎lska, visoko뚎lska;;
 ; ; ; ;Dr료vljani RS;7
 ; ; ; ;Tuji dr료vljani;3
 ; ;2016;;;
 ; ; ;Osnovno뚎lska ali manj;;
 ; ; ; ;Dr료vljani RS;2
 ; ; ; ;Tuji dr료vljani;1
 ; ; ;Srednje뚎lska;;
 ; ; ; ;Dr료vljani RS;5
 ; ; ; ;Tuji dr료vljani;5
 ; ; ;Vi뚉e뚎lska, visoko뚎lska;;
 ; ; ; ;Dr료vljani RS;1
 ; ; ; ;Tuji dr료vljani;1
 ; ;2017;;;
 ; ; ;Osnovno뚎lska ali manj;;
 ; ; ; ;Dr료vljani RS;3
 ; ; ; ;Tuji dr료vljani;4
 ; ; ;Srednje뚎lska;;
 ; ; ; ;Dr료vljani RS;10
 ; ; ; ;Tuji dr료vljani;7
 ; ; ;Vi뚉e뚎lska, visoko뚎lska;;
 ; ; ; ;Dr료vljani RS;2
 ; ; ; ;Tuji dr료vljani;4
 ;AVSTRALIJA IN OCEANIJA;;;;
 ; ;2011;;;
 ; ; ;Osnovno뚎lska ali manj;;
 ; ; ; ;Dr료vljani RS;16
 ; ; ; ;Tuji dr료vljani;5
 ; ; ;Srednje뚎lska;;
 ; ; ; ;Dr료vljani RS;41
 ; ; ; ;Tuji dr료vljani;3
 ; ; ;Vi뚉e뚎lska, visoko뚎lska;;
 ; ; ; ;Dr료vljani RS;14
 ; ; ; ;Tuji dr료vljani;1
 ; ;2012;;;
 ; ; ;Osnovno뚎lska ali manj;;
 ; ; ; ;Dr료vljani RS;23
 ; ; ; ;Tuji dr료vljani;2
 ; ; ;Srednje뚎lska;;
 ; ; ; ;Dr료vljani RS;58
 ; ; ; ;Tuji dr료vljani;2
 ; ; ;Vi뚉e뚎lska, visoko뚎lska;;
 ; ; ; ;Dr료vljani RS;23
 ; ; ; ;Tuji dr료vljani;2
 ; ;2013;;;
 ; ; ;Osnovno뚎lska ali manj;;
 ; ; ; ;Dr료vljani RS;16
 ; ; ; ;Tuji dr료vljani;1
 ; ; ;Srednje뚎lska;;
 ; ; ; ;Dr료vljani RS;43
 ; ; ; ;Tuji dr료vljani;3
 ; ; ;Vi뚉e뚎lska, visoko뚎lska;;
 ; ; ; ;Dr료vljani RS;32
 ; ; ; ;Tuji dr료vljani;2
 ; ;2014;;;
 ; ; ;Osnovno뚎lska ali manj;;
 ; ; ; ;Dr료vljani RS;12
 ; ; ; ;Tuji dr료vljani;5
 ; ; ;Srednje뚎lska;;
 ; ; ; ;Dr료vljani RS;56
 ; ; ; ;Tuji dr료vljani;6
 ; ; ;Vi뚉e뚎lska, visoko뚎lska;;
 ; ; ; ;Dr료vljani RS;43
 ; ; ; ;Tuji dr료vljani;2
 ; ;2015;;;
 ; ; ;Osnovno뚎lska ali manj;;
 ; ; ; ;Dr료vljani RS;12
 ; ; ; ;Tuji dr료vljani;2
 ; ; ;Srednje뚎lska;;
 ; ; ; ;Dr료vljani RS;42
 ; ; ; ;Tuji dr료vljani;3
 ; ; ;Vi뚉e뚎lska, visoko뚎lska;;
 ; ; ; ;Dr료vljani RS;25
 ; ; ; ;Tuji dr료vljani;1
 ; ;2016;;;
 ; ; ;Osnovno뚎lska ali manj;;
 ; ; ; ;Dr료vljani RS;16
 ; ; ; ;Tuji dr료vljani;4
 ; ; ;Srednje뚎lska;;
 ; ; ; ;Dr료vljani RS;34
 ; ; ; ;Tuji dr료vljani;3
 ; ; ;Vi뚉e뚎lska, visoko뚎lska;;
 ; ; ; ;Dr료vljani RS;25
 ; ; ; ;Tuji dr료vljani;3
 ; ;2017;;;
 ; ; ;Osnovno뚎lska ali manj;;
 ; ; ; ;Dr료vljani RS;18
 ; ; ; ;Tuji dr료vljani;2
 ; ; ;Srednje뚎lska;;
 ; ; ; ;Dr료vljani RS;40
 ; ; ; ;Tuji dr료vljani;6
 ; ; ;Vi뚉e뚎lska, visoko뚎lska;;
 ; ; ; ;Dr료vljani RS;31
 ; ; ; ;Tuji dr료vljani;3
꾠nske;;;;;
 ;....Bosna in Hercegovina;;;;
 ; ;2011;;;
 ; ; ;Osnovno뚎lska ali manj;;
 ; ; ; ;Dr료vljani RS;20
 ; ; ; ;Tuji dr료vljani;191
 ; ; ;Srednje뚎lska;;
 ; ; ; ;Dr료vljani RS;24
 ; ; ; ;Tuji dr료vljani;94
 ; ; ;Vi뚉e뚎lska, visoko뚎lska;;
 ; ; ; ;Dr료vljani RS;12
 ; ; ; ;Tuji dr료vljani;25
 ; ;2012;;;
 ; ; ;Osnovno뚎lska ali manj;;
 ; ; ; ;Dr료vljani RS;52
 ; ; ; ;Tuji dr료vljani;146
 ; ; ;Srednje뚎lska;;
 ; ; ; ;Dr료vljani RS;58
 ; ; ; ;Tuji dr료vljani;87
 ; ; ;Vi뚉e뚎lska, visoko뚎lska;;
 ; ; ; ;Dr료vljani RS;16
 ; ; ; ;Tuji dr료vljani;21
 ; ;2013;;;
 ; ; ;Osnovno뚎lska ali manj;;
 ; ; ; ;Dr료vljani RS;70
 ; ; ; ;Tuji dr료vljani;145
 ; ; ;Srednje뚎lska;;
 ; ; ; ;Dr료vljani RS;48
 ; ; ; ;Tuji dr료vljani;89
 ; ; ;Vi뚉e뚎lska, visoko뚎lska;;
 ; ; ; ;Dr료vljani RS;15
 ; ; ; ;Tuji dr료vljani;28
 ; ;2014;;;
 ; ; ;Osnovno뚎lska ali manj;;
 ; ; ; ;Dr료vljani RS;38
 ; ; ; ;Tuji dr료vljani;165
 ; ; ;Srednje뚎lska;;
 ; ; ; ;Dr료vljani RS;27
 ; ; ; ;Tuji dr료vljani;116
 ; ; ;Vi뚉e뚎lska, visoko뚎lska;;
 ; ; ; ;Dr료vljani RS;7
 ; ; ; ;Tuji dr료vljani;28
 ; ;2015;;;
 ; ; ;Osnovno뚎lska ali manj;;
 ; ; ; ;Dr료vljani RS;38
 ; ; ; ;Tuji dr료vljani;126
 ; ; ;Srednje뚎lska;;
 ; ; ; ;Dr료vljani RS;27
 ; ; ; ;Tuji dr료vljani;107
 ; ; ;Vi뚉e뚎lska, visoko뚎lska;;
 ; ; ; ;Dr료vljani RS;11
 ; ; ; ;Tuji dr료vljani;23
 ; ;2016;;;
 ; ; ;Osnovno뚎lska ali manj;;
 ; ; ; ;Dr료vljani RS;26
 ; ; ; ;Tuji dr료vljani;142
 ; ; ;Srednje뚎lska;;
 ; ; ; ;Dr료vljani RS;14
 ; ; ; ;Tuji dr료vljani;113
 ; ; ;Vi뚉e뚎lska, visoko뚎lska;;
 ; ; ; ;Dr료vljani RS;4
 ; ; ; ;Tuji dr료vljani;42
 ; ;2017;;;
 ; ; ;Osnovno뚎lska ali manj;;
 ; ; ; ;Dr료vljani RS;43
 ; ; ; ;Tuji dr료vljani;123
 ; ; ;Srednje뚎lska;;
 ; ; ; ;Dr료vljani RS;24
 ; ; ; ;Tuji dr료vljani;120
 ; ; ;Vi뚉e뚎lska, visoko뚎lska;;
 ; ; ; ;Dr료vljani RS;7
 ; ; ; ;Tuji dr료vljani;28
 ;....rna gora;;;;
 ; ;2011;;;
 ; ; ;Osnovno뚎lska ali manj;;
 ; ; ; ;Dr료vljani RS;3
 ; ; ; ;Tuji dr료vljani;8
 ; ; ;Srednje뚎lska;;
 ; ; ; ;Dr료vljani RS;5
 ; ; ; ;Tuji dr료vljani;2
 ; ; ;Vi뚉e뚎lska, visoko뚎lska;;
 ; ; ; ;Dr료vljani RS;3
 ; ; ; ;Tuji dr료vljani;1
 ; ;2012;;;
 ; ; ;Osnovno뚎lska ali manj;;
 ; ; ; ;Dr료vljani RS;6
 ; ; ; ;Tuji dr료vljani;9
 ; ; ;Srednje뚎lska;;
 ; ; ; ;Dr료vljani RS;15
 ; ; ; ;Tuji dr료vljani;3
 ; ; ;Vi뚉e뚎lska, visoko뚎lska;;
 ; ; ; ;Dr료vljani RS;7
 ; ; ; ;Tuji dr료vljani;2
 ; ;2013;;;
 ; ; ;Osnovno뚎lska ali manj;;
 ; ; ; ;Dr료vljani RS;5
 ; ; ; ;Tuji dr료vljani;5
 ; ; ;Srednje뚎lska;;
 ; ; ; ;Dr료vljani RS;7
 ; ; ; ;Tuji dr료vljani;8
 ; ; ;Vi뚉e뚎lska, visoko뚎lska;;
 ; ; ; ;Dr료vljani RS;4
 ; ; ; ;Tuji dr료vljani;4
 ; ;2014;;;
 ; ; ;Osnovno뚎lska ali manj;;
 ; ; ; ;Dr료vljani RS;1
 ; ; ; ;Tuji dr료vljani;9
 ; ; ;Srednje뚎lska;;
 ; ; ; ;Dr료vljani RS;5
 ; ; ; ;Tuji dr료vljani;3
 ; ; ;Vi뚉e뚎lska, visoko뚎lska;;
 ; ; ; ;Dr료vljani RS;3
 ; ; ; ;Tuji dr료vljani;2
 ; ;2015;;;
 ; ; ;Osnovno뚎lska ali manj;;
 ; ; ; ;Dr료vljani RS;2
 ; ; ; ;Tuji dr료vljani;3
 ; ; ;Srednje뚎lska;;
 ; ; ; ;Dr료vljani RS;1
 ; ; ; ;Tuji dr료vljani;4
 ; ; ;Vi뚉e뚎lska, visoko뚎lska;;
 ; ; ; ;Dr료vljani RS;2
 ; ; ; ;Tuji dr료vljani;2
 ; ;2016;;;
 ; ; ;Osnovno뚎lska ali manj;;
 ; ; ; ;Dr료vljani RS;3
 ; ; ; ;Tuji dr료vljani;9
 ; ; ;Srednje뚎lska;;
 ; ; ; ;Dr료vljani RS;2
 ; ; ; ;Tuji dr료vljani;5
 ; ; ;Vi뚉e뚎lska, visoko뚎lska;;
 ; ; ; ;Dr료vljani RS;2
 ; ; ; ;Tuji dr료vljani;3
 ; ;2017;;;
 ; ; ;Osnovno뚎lska ali manj;;
 ; ; ; ;Dr료vljani RS;0
 ; ; ; ;Tuji dr료vljani;3
 ; ; ;Srednje뚎lska;;
 ; ; ; ;Dr료vljani RS;4
 ; ; ; ;Tuji dr료vljani;5
 ; ; ;Vi뚉e뚎lska, visoko뚎lska;;
 ; ; ; ;Dr료vljani RS;3
 ; ; ; ;Tuji dr료vljani;7
 ;....Kosovo;;;;
 ; ;2011;;;
 ; ; ;Osnovno뚎lska ali manj;;
 ; ; ; ;Dr료vljani RS;1
 ; ; ; ;Tuji dr료vljani;78
 ; ; ;Srednje뚎lska;;
 ; ; ; ;Dr료vljani RS;5
 ; ; ; ;Tuji dr료vljani;32
 ; ; ;Vi뚉e뚎lska, visoko뚎lska;;
 ; ; ; ;Dr료vljani RS;3
 ; ; ; ;Tuji dr료vljani;11
 ; ;2012;;;
 ; ; ;Osnovno뚎lska ali manj;;
 ; ; ; ;Dr료vljani RS;13
 ; ; ; ;Tuji dr료vljani;72
 ; ; ;Srednje뚎lska;;
 ; ; ; ;Dr료vljani RS;8
 ; ; ; ;Tuji dr료vljani;29
 ; ; ;Vi뚉e뚎lska, visoko뚎lska;;
 ; ; ; ;Dr료vljani RS;4
 ; ; ; ;Tuji dr료vljani;9
 ; ;2013;;;
 ; ; ;Osnovno뚎lska ali manj;;
 ; ; ; ;Dr료vljani RS;6
 ; ; ; ;Tuji dr료vljani;69
 ; ; ;Srednje뚎lska;;
 ; ; ; ;Dr료vljani RS;13
 ; ; ; ;Tuji dr료vljani;28
 ; ; ;Vi뚉e뚎lska, visoko뚎lska;;
 ; ; ; ;Dr료vljani RS;1
 ; ; ; ;Tuji dr료vljani;14
 ; ;2014;;;
 ; ; ;Osnovno뚎lska ali manj;;
 ; ; ; ;Dr료vljani RS;1
 ; ; ; ;Tuji dr료vljani;67
 ; ; ;Srednje뚎lska;;
 ; ; ; ;Dr료vljani RS;4
 ; ; ; ;Tuji dr료vljani;48
 ; ; ;Vi뚉e뚎lska, visoko뚎lska;;
 ; ; ; ;Dr료vljani RS;3
 ; ; ; ;Tuji dr료vljani;12
 ; ;2015;;;
 ; ; ;Osnovno뚎lska ali manj;;
 ; ; ; ;Dr료vljani RS;10
 ; ; ; ;Tuji dr료vljani;85
 ; ; ;Srednje뚎lska;;
 ; ; ; ;Dr료vljani RS;2
 ; ; ; ;Tuji dr료vljani;33
 ; ; ;Vi뚉e뚎lska, visoko뚎lska;;
 ; ; ; ;Dr료vljani RS;2
 ; ; ; ;Tuji dr료vljani;13
 ; ;2016;;;
 ; ; ;Osnovno뚎lska ali manj;;
 ; ; ; ;Dr료vljani RS;4
 ; ; ; ;Tuji dr료vljani;106
 ; ; ;Srednje뚎lska;;
 ; ; ; ;Dr료vljani RS;5
 ; ; ; ;Tuji dr료vljani;55
 ; ; ;Vi뚉e뚎lska, visoko뚎lska;;
 ; ; ; ;Dr료vljani RS;3
 ; ; ; ;Tuji dr료vljani;12
 ; ;2017;;;
 ; ; ;Osnovno뚎lska ali manj;;
 ; ; ; ;Dr료vljani RS;2
 ; ; ; ;Tuji dr료vljani;77
 ; ; ;Srednje뚎lska;;
 ; ; ; ;Dr료vljani RS;2
 ; ; ; ;Tuji dr료vljani;42
 ; ; ;Vi뚉e뚎lska, visoko뚎lska;;
 ; ; ; ;Dr료vljani RS;4
 ; ; ; ;Tuji dr료vljani;15
 ;....Makedonija;;;;
 ; ;2011;;;
 ; ; ;Osnovno뚎lska ali manj;;
 ; ; ; ;Dr료vljani RS;7
 ; ; ; ;Tuji dr료vljani;77
 ; ; ;Srednje뚎lska;;
 ; ; ; ;Dr료vljani RS;13
 ; ; ; ;Tuji dr료vljani;53
 ; ; ;Vi뚉e뚎lska, visoko뚎lska;;
 ; ; ; ;Dr료vljani RS;2
 ; ; ; ;Tuji dr료vljani;19
 ; ;2012;;;
 ; ; ;Osnovno뚎lska ali manj;;
 ; ; ; ;Dr료vljani RS;10
 ; ; ; ;Tuji dr료vljani;82
 ; ; ;Srednje뚎lska;;
 ; ; ; ;Dr료vljani RS;10
 ; ; ; ;Tuji dr료vljani;50
 ; ; ;Vi뚉e뚎lska, visoko뚎lska;;
 ; ; ; ;Dr료vljani RS;4
 ; ; ; ;Tuji dr료vljani;21
 ; ;2013;;;
 ; ; ;Osnovno뚎lska ali manj;;
 ; ; ; ;Dr료vljani RS;13
 ; ; ; ;Tuji dr료vljani;72
 ; ; ;Srednje뚎lska;;
 ; ; ; ;Dr료vljani RS;7
 ; ; ; ;Tuji dr료vljani;54
 ; ; ;Vi뚉e뚎lska, visoko뚎lska;;
 ; ; ; ;Dr료vljani RS;7
 ; ; ; ;Tuji dr료vljani;22
 ; ;2014;;;
 ; ; ;Osnovno뚎lska ali manj;;
 ; ; ; ;Dr료vljani RS;7
 ; ; ; ;Tuji dr료vljani;91
 ; ; ;Srednje뚎lska;;
 ; ; ; ;Dr료vljani RS;6
 ; ; ; ;Tuji dr료vljani;59
 ; ; ;Vi뚉e뚎lska, visoko뚎lska;;
 ; ; ; ;Dr료vljani RS;3
 ; ; ; ;Tuji dr료vljani;31
 ; ;2015;;;
 ; ; ;Osnovno뚎lska ali manj;;
 ; ; ; ;Dr료vljani RS;10
 ; ; ; ;Tuji dr료vljani;67
 ; ; ;Srednje뚎lska;;
 ; ; ; ;Dr료vljani RS;7
 ; ; ; ;Tuji dr료vljani;54
 ; ; ;Vi뚉e뚎lska, visoko뚎lska;;
 ; ; ; ;Dr료vljani RS;5
 ; ; ; ;Tuji dr료vljani;21
 ; ;2016;;;
 ; ; ;Osnovno뚎lska ali manj;;
 ; ; ; ;Dr료vljani RS;6
 ; ; ; ;Tuji dr료vljani;54
 ; ; ;Srednje뚎lska;;
 ; ; ; ;Dr료vljani RS;5
 ; ; ; ;Tuji dr료vljani;55
 ; ; ;Vi뚉e뚎lska, visoko뚎lska;;
 ; ; ; ;Dr료vljani RS;6
 ; ; ; ;Tuji dr료vljani;33
 ; ;2017;;;
 ; ; ;Osnovno뚎lska ali manj;;
 ; ; ; ;Dr료vljani RS;7
 ; ; ; ;Tuji dr료vljani;63
 ; ; ;Srednje뚎lska;;
 ; ; ; ;Dr료vljani RS;8
 ; ; ; ;Tuji dr료vljani;73
 ; ; ;Vi뚉e뚎lska, visoko뚎lska;;
 ; ; ; ;Dr료vljani RS;8
 ; ; ; ;Tuji dr료vljani;31
 ;....Srbija;;;;
 ; ;2011;;;
 ; ; ;Osnovno뚎lska ali manj;;
 ; ; ; ;Dr료vljani RS;29
 ; ; ; ;Tuji dr료vljani;70
 ; ; ;Srednje뚎lska;;
 ; ; ; ;Dr료vljani RS;37
 ; ; ; ;Tuji dr료vljani;51
 ; ; ;Vi뚉e뚎lska, visoko뚎lska;;
 ; ; ; ;Dr료vljani RS;14
 ; ; ; ;Tuji dr료vljani;27
 ; ;2012;;;
 ; ; ;Osnovno뚎lska ali manj;;
 ; ; ; ;Dr료vljani RS;44
 ; ; ; ;Tuji dr료vljani;56
 ; ; ;Srednje뚎lska;;
 ; ; ; ;Dr료vljani RS;68
 ; ; ; ;Tuji dr료vljani;48
 ; ; ;Vi뚉e뚎lska, visoko뚎lska;;
 ; ; ; ;Dr료vljani RS;29
 ; ; ; ;Tuji dr료vljani;19
 ; ;2013;;;
 ; ; ;Osnovno뚎lska ali manj;;
 ; ; ; ;Dr료vljani RS;56
 ; ; ; ;Tuji dr료vljani;58
 ; ; ;Srednje뚎lska;;
 ; ; ; ;Dr료vljani RS;80
 ; ; ; ;Tuji dr료vljani;51
 ; ; ;Vi뚉e뚎lska, visoko뚎lska;;
 ; ; ; ;Dr료vljani RS;22
 ; ; ; ;Tuji dr료vljani;27
 ; ;2014;;;
 ; ; ;Osnovno뚎lska ali manj;;
 ; ; ; ;Dr료vljani RS;30
 ; ; ; ;Tuji dr료vljani;60
 ; ; ;Srednje뚎lska;;
 ; ; ; ;Dr료vljani RS;31
 ; ; ; ;Tuji dr료vljani;55
 ; ; ;Vi뚉e뚎lska, visoko뚎lska;;
 ; ; ; ;Dr료vljani RS;16
 ; ; ; ;Tuji dr료vljani;30
 ; ;2015;;;
 ; ; ;Osnovno뚎lska ali manj;;
 ; ; ; ;Dr료vljani RS;22
 ; ; ; ;Tuji dr료vljani;65
 ; ; ;Srednje뚎lska;;
 ; ; ; ;Dr료vljani RS;40
 ; ; ; ;Tuji dr료vljani;62
 ; ; ;Vi뚉e뚎lska, visoko뚎lska;;
 ; ; ; ;Dr료vljani RS;30
 ; ; ; ;Tuji dr료vljani;34
 ; ;2016;;;
 ; ; ;Osnovno뚎lska ali manj;;
 ; ; ; ;Dr료vljani RS;37
 ; ; ; ;Tuji dr료vljani;49
 ; ; ;Srednje뚎lska;;
 ; ; ; ;Dr료vljani RS;29
 ; ; ; ;Tuji dr료vljani;45
 ; ; ;Vi뚉e뚎lska, visoko뚎lska;;
 ; ; ; ;Dr료vljani RS;16
 ; ; ; ;Tuji dr료vljani;25
 ; ;2017;;;
 ; ; ;Osnovno뚎lska ali manj;;
 ; ; ; ;Dr료vljani RS;16
 ; ; ; ;Tuji dr료vljani;51
 ; ; ;Srednje뚎lska;;
 ; ; ; ;Dr료vljani RS;25
 ; ; ; ;Tuji dr료vljani;40
 ; ; ;Vi뚉e뚎lska, visoko뚎lska;;
 ; ; ; ;Dr료vljani RS;15
 ; ; ; ;Tuji dr료vljani;19
 ;....Avstrija;;;;
 ; ;2011;;;
 ; ; ;Osnovno뚎lska ali manj;;
 ; ; ; ;Dr료vljani RS;69
 ; ; ; ;Tuji dr료vljani;9
 ; ; ;Srednje뚎lska;;
 ; ; ; ;Dr료vljani RS;121
 ; ; ; ;Tuji dr료vljani;7
 ; ; ;Vi뚉e뚎lska, visoko뚎lska;;
 ; ; ; ;Dr료vljani RS;45
 ; ; ; ;Tuji dr료vljani;5
 ; ;2012;;;
 ; ; ;Osnovno뚎lska ali manj;;
 ; ; ; ;Dr료vljani RS;147
 ; ; ; ;Tuji dr료vljani;15
 ; ; ;Srednje뚎lska;;
 ; ; ; ;Dr료vljani RS;238
 ; ; ; ;Tuji dr료vljani;11
 ; ; ;Vi뚉e뚎lska, visoko뚎lska;;
 ; ; ; ;Dr료vljani RS;104
 ; ; ; ;Tuji dr료vljani;7
 ; ;2013;;;
 ; ; ;Osnovno뚎lska ali manj;;
 ; ; ; ;Dr료vljani RS;163
 ; ; ; ;Tuji dr료vljani;24
 ; ; ;Srednje뚎lska;;
 ; ; ; ;Dr료vljani RS;287
 ; ; ; ;Tuji dr료vljani;18
 ; ; ;Vi뚉e뚎lska, visoko뚎lska;;
 ; ; ; ;Dr료vljani RS;124
 ; ; ; ;Tuji dr료vljani;6
 ; ;2014;;;
 ; ; ;Osnovno뚎lska ali manj;;
 ; ; ; ;Dr료vljani RS;167
 ; ; ; ;Tuji dr료vljani;32
 ; ; ;Srednje뚎lska;;
 ; ; ; ;Dr료vljani RS;426
 ; ; ; ;Tuji dr료vljani;15
 ; ; ;Vi뚉e뚎lska, visoko뚎lska;;
 ; ; ; ;Dr료vljani RS;214
 ; ; ; ;Tuji dr료vljani;9
 ; ;2015;;;
 ; ; ;Osnovno뚎lska ali manj;;
 ; ; ; ;Dr료vljani RS;160
 ; ; ; ;Tuji dr료vljani;28
 ; ; ;Srednje뚎lska;;
 ; ; ; ;Dr료vljani RS;381
 ; ; ; ;Tuji dr료vljani;28
 ; ; ;Vi뚉e뚎lska, visoko뚎lska;;
 ; ; ; ;Dr료vljani RS;238
 ; ; ; ;Tuji dr료vljani;9
 ; ;2016;;;
 ; ; ;Osnovno뚎lska ali manj;;
 ; ; ; ;Dr료vljani RS;163
 ; ; ; ;Tuji dr료vljani;36
 ; ; ;Srednje뚎lska;;
 ; ; ; ;Dr료vljani RS;474
 ; ; ; ;Tuji dr료vljani;26
 ; ; ;Vi뚉e뚎lska, visoko뚎lska;;
 ; ; ; ;Dr료vljani RS;240
 ; ; ; ;Tuji dr료vljani;10
 ; ;2017;;;
 ; ; ;Osnovno뚎lska ali manj;;
 ; ; ; ;Dr료vljani RS;189
 ; ; ; ;Tuji dr료vljani;26
 ; ; ;Srednje뚎lska;;
 ; ; ; ;Dr료vljani RS;465
 ; ; ; ;Tuji dr료vljani;36
 ; ; ;Vi뚉e뚎lska, visoko뚎lska;;
 ; ; ; ;Dr료vljani RS;278
 ; ; ; ;Tuji dr료vljani;18
 ;....Bolgarija;;;;
 ; ;2011;;;
 ; ; ;Osnovno뚎lska ali manj;;
 ; ; ; ;Dr료vljani RS;1
 ; ; ; ;Tuji dr료vljani;37
 ; ; ;Srednje뚎lska;;
 ; ; ; ;Dr료vljani RS;1
 ; ; ; ;Tuji dr료vljani;25
 ; ; ;Vi뚉e뚎lska, visoko뚎lska;;
 ; ; ; ;Dr료vljani RS;0
 ; ; ; ;Tuji dr료vljani;3
 ; ;2012;;;
 ; ; ;Osnovno뚎lska ali manj;;
 ; ; ; ;Dr료vljani RS;0
 ; ; ; ;Tuji dr료vljani;43
 ; ; ;Srednje뚎lska;;
 ; ; ; ;Dr료vljani RS;1
 ; ; ; ;Tuji dr료vljani;39
 ; ; ;Vi뚉e뚎lska, visoko뚎lska;;
 ; ; ; ;Dr료vljani RS;1
 ; ; ; ;Tuji dr료vljani;4
 ; ;2013;;;
 ; ; ;Osnovno뚎lska ali manj;;
 ; ; ; ;Dr료vljani RS;0
 ; ; ; ;Tuji dr료vljani;26
 ; ; ;Srednje뚎lska;;
 ; ; ; ;Dr료vljani RS;1
 ; ; ; ;Tuji dr료vljani;53
 ; ; ;Vi뚉e뚎lska, visoko뚎lska;;
 ; ; ; ;Dr료vljani RS;1
 ; ; ; ;Tuji dr료vljani;6
 ; ;2014;;;
 ; ; ;Osnovno뚎lska ali manj;;
 ; ; ; ;Dr료vljani RS;0
 ; ; ; ;Tuji dr료vljani;40
 ; ; ;Srednje뚎lska;;
 ; ; ; ;Dr료vljani RS;1
 ; ; ; ;Tuji dr료vljani;41
 ; ; ;Vi뚉e뚎lska, visoko뚎lska;;
 ; ; ; ;Dr료vljani RS;0
 ; ; ; ;Tuji dr료vljani;10
 ; ;2015;;;
 ; ; ;Osnovno뚎lska ali manj;;
 ; ; ; ;Dr료vljani RS;0
 ; ; ; ;Tuji dr료vljani;30
 ; ; ;Srednje뚎lska;;
 ; ; ; ;Dr료vljani RS;1
 ; ; ; ;Tuji dr료vljani;36
 ; ; ;Vi뚉e뚎lska, visoko뚎lska;;
 ; ; ; ;Dr료vljani RS;2
 ; ; ; ;Tuji dr료vljani;3
 ; ;2016;;;
 ; ; ;Osnovno뚎lska ali manj;;
 ; ; ; ;Dr료vljani RS;0
 ; ; ; ;Tuji dr료vljani;48
 ; ; ;Srednje뚎lska;;
 ; ; ; ;Dr료vljani RS;0
 ; ; ; ;Tuji dr료vljani;33
 ; ; ;Vi뚉e뚎lska, visoko뚎lska;;
 ; ; ; ;Dr료vljani RS;1
 ; ; ; ;Tuji dr료vljani;8
 ; ;2017;;;
 ; ; ;Osnovno뚎lska ali manj;;
 ; ; ; ;Dr료vljani RS;8
 ; ; ; ;Tuji dr료vljani;3
 ; ; ;Srednje뚎lska;;
 ; ; ; ;Dr료vljani RS;30
 ; ; ; ;Tuji dr료vljani;4
 ; ; ;Vi뚉e뚎lska, visoko뚎lska;;
 ; ; ; ;Dr료vljani RS;65
 ; ; ; ;Tuji dr료vljani;5
 ;....Francija;;;;
 ; ;2011;;;
 ; ; ;Osnovno뚎lska ali manj;;
 ; ; ; ;Dr료vljani RS;4
 ; ; ; ;Tuji dr료vljani;6
 ; ; ;Srednje뚎lska;;
 ; ; ; ;Dr료vljani RS;11
 ; ; ; ;Tuji dr료vljani;6
 ; ; ;Vi뚉e뚎lska, visoko뚎lska;;
 ; ; ; ;Dr료vljani RS;14
 ; ; ; ;Tuji dr료vljani;2
 ; ;2012;;;
 ; ; ;Osnovno뚎lska ali manj;;
 ; ; ; ;Dr료vljani RS;12
 ; ; ; ;Tuji dr료vljani;6
 ; ; ;Srednje뚎lska;;
 ; ; ; ;Dr료vljani RS;27
 ; ; ; ;Tuji dr료vljani;2
 ; ; ;Vi뚉e뚎lska, visoko뚎lska;;
 ; ; ; ;Dr료vljani RS;22
 ; ; ; ;Tuji dr료vljani;0
 ; ;2013;;;
 ; ; ;Osnovno뚎lska ali manj;;
 ; ; ; ;Dr료vljani RS;11
 ; ; ; ;Tuji dr료vljani;6
 ; ; ;Srednje뚎lska;;
 ; ; ; ;Dr료vljani RS;20
 ; ; ; ;Tuji dr료vljani;3
 ; ; ;Vi뚉e뚎lska, visoko뚎lska;;
 ; ; ; ;Dr료vljani RS;22
 ; ; ; ;Tuji dr료vljani;5
 ; ;2014;;;
 ; ; ;Osnovno뚎lska ali manj;;
 ; ; ; ;Dr료vljani RS;12
 ; ; ; ;Tuji dr료vljani;8
 ; ; ;Srednje뚎lska;;
 ; ; ; ;Dr료vljani RS;17
 ; ; ; ;Tuji dr료vljani;4
 ; ; ;Vi뚉e뚎lska, visoko뚎lska;;
 ; ; ; ;Dr료vljani RS;21
 ; ; ; ;Tuji dr료vljani;6
 ; ;2015;;;
 ; ; ;Osnovno뚎lska ali manj;;
 ; ; ; ;Dr료vljani RS;7
 ; ; ; ;Tuji dr료vljani;6
 ; ; ;Srednje뚎lska;;
 ; ; ; ;Dr료vljani RS;17
 ; ; ; ;Tuji dr료vljani;6
 ; ; ;Vi뚉e뚎lska, visoko뚎lska;;
 ; ; ; ;Dr료vljani RS;34
 ; ; ; ;Tuji dr료vljani;4
 ; ;2016;;;
 ; ; ;Osnovno뚎lska ali manj;;
 ; ; ; ;Dr료vljani RS;6
 ; ; ; ;Tuji dr료vljani;5
 ; ; ;Srednje뚎lska;;
 ; ; ; ;Dr료vljani RS;12
 ; ; ; ;Tuji dr료vljani;1
 ; ; ;Vi뚉e뚎lska, visoko뚎lska;;
 ; ; ; ;Dr료vljani RS;33
 ; ; ; ;Tuji dr료vljani;8
 ; ;2017;;;
 ; ; ;Osnovno뚎lska ali manj;;
 ; ; ; ;Dr료vljani RS;0
 ; ; ; ;Tuji dr료vljani;43
 ; ; ;Srednje뚎lska;;
 ; ; ; ;Dr료vljani RS;2
 ; ; ; ;Tuji dr료vljani;19
 ; ; ;Vi뚉e뚎lska, visoko뚎lska;;
 ; ; ; ;Dr료vljani RS;1
 ; ; ; ;Tuji dr료vljani;6
 ;....Hrva뚊a;;;;
 ; ;2011;;;
 ; ; ;Osnovno뚎lska ali manj;;
 ; ; ; ;Dr료vljani RS;73
 ; ; ; ;Tuji dr료vljani;59
 ; ; ;Srednje뚎lska;;
 ; ; ; ;Dr료vljani RS;80
 ; ; ; ;Tuji dr료vljani;81
 ; ; ;Vi뚉e뚎lska, visoko뚎lska;;
 ; ; ; ;Dr료vljani RS;29
 ; ; ; ;Tuji dr료vljani;18
 ; ;2012;;;
 ; ; ;Osnovno뚎lska ali manj;;
 ; ; ; ;Dr료vljani RS;96
 ; ; ; ;Tuji dr료vljani;73
 ; ; ;Srednje뚎lska;;
 ; ; ; ;Dr료vljani RS;148
 ; ; ; ;Tuji dr료vljani;93
 ; ; ;Vi뚉e뚎lska, visoko뚎lska;;
 ; ; ; ;Dr료vljani RS;49
 ; ; ; ;Tuji dr료vljani;32
 ; ;2013;;;
 ; ; ;Osnovno뚎lska ali manj;;
 ; ; ; ;Dr료vljani RS;86
 ; ; ; ;Tuji dr료vljani;55
 ; ; ;Srednje뚎lska;;
 ; ; ; ;Dr료vljani RS;151
 ; ; ; ;Tuji dr료vljani;79
 ; ; ;Vi뚉e뚎lska, visoko뚎lska;;
 ; ; ; ;Dr료vljani RS;58
 ; ; ; ;Tuji dr료vljani;50
 ; ;2014;;;
 ; ; ;Osnovno뚎lska ali manj;;
 ; ; ; ;Dr료vljani RS;80
 ; ; ; ;Tuji dr료vljani;56
 ; ; ;Srednje뚎lska;;
 ; ; ; ;Dr료vljani RS;106
 ; ; ; ;Tuji dr료vljani;117
 ; ; ;Vi뚉e뚎lska, visoko뚎lska;;
 ; ; ; ;Dr료vljani RS;47
 ; ; ; ;Tuji dr료vljani;55
 ; ;2015;;;
 ; ; ;Osnovno뚎lska ali manj;;
 ; ; ; ;Dr료vljani RS;72
 ; ; ; ;Tuji dr료vljani;48
 ; ; ;Srednje뚎lska;;
 ; ; ; ;Dr료vljani RS;102
 ; ; ; ;Tuji dr료vljani;104
 ; ; ;Vi뚉e뚎lska, visoko뚎lska;;
 ; ; ; ;Dr료vljani RS;56
 ; ; ; ;Tuji dr료vljani;59
 ; ;2016;;;
 ; ; ;Osnovno뚎lska ali manj;;
 ; ; ; ;Dr료vljani RS;50
 ; ; ; ;Tuji dr료vljani;40
 ; ; ;Srednje뚎lska;;
 ; ; ; ;Dr료vljani RS;92
 ; ; ; ;Tuji dr료vljani;81
 ; ; ;Vi뚉e뚎lska, visoko뚎lska;;
 ; ; ; ;Dr료vljani RS;63
 ; ; ; ;Tuji dr료vljani;64
 ; ;2017;;;
 ; ; ;Osnovno뚎lska ali manj;;
 ; ; ; ;Dr료vljani RS;60
 ; ; ; ;Tuji dr료vljani;44
 ; ; ;Srednje뚎lska;;
 ; ; ; ;Dr료vljani RS;130
 ; ; ; ;Tuji dr료vljani;96
 ; ; ;Vi뚉e뚎lska, visoko뚎lska;;
 ; ; ; ;Dr료vljani RS;73
 ; ; ; ;Tuji dr료vljani;56
 ;....Italija;;;;
 ; ;2011;;;
 ; ; ;Osnovno뚎lska ali manj;;
 ; ; ; ;Dr료vljani RS;40
 ; ; ; ;Tuji dr료vljani;30
 ; ; ;Srednje뚎lska;;
 ; ; ; ;Dr료vljani RS;59
 ; ; ; ;Tuji dr료vljani;25
 ; ; ;Vi뚉e뚎lska, visoko뚎lska;;
 ; ; ; ;Dr료vljani RS;30
 ; ; ; ;Tuji dr료vljani;8
 ; ;2012;;;
 ; ; ;Osnovno뚎lska ali manj;;
 ; ; ; ;Dr료vljani RS;56
 ; ; ; ;Tuji dr료vljani;32
 ; ; ;Srednje뚎lska;;
 ; ; ; ;Dr료vljani RS;82
 ; ; ; ;Tuji dr료vljani;22
 ; ; ;Vi뚉e뚎lska, visoko뚎lska;;
 ; ; ; ;Dr료vljani RS;43
 ; ; ; ;Tuji dr료vljani;8
 ; ;2013;;;
 ; ; ;Osnovno뚎lska ali manj;;
 ; ; ; ;Dr료vljani RS;30
 ; ; ; ;Tuji dr료vljani;29
 ; ; ;Srednje뚎lska;;
 ; ; ; ;Dr료vljani RS;63
 ; ; ; ;Tuji dr료vljani;18
 ; ; ;Vi뚉e뚎lska, visoko뚎lska;;
 ; ; ; ;Dr료vljani RS;39
 ; ; ; ;Tuji dr료vljani;11
 ; ;2014;;;
 ; ; ;Osnovno뚎lska ali manj;;
 ; ; ; ;Dr료vljani RS;26
 ; ; ; ;Tuji dr료vljani;25
 ; ; ;Srednje뚎lska;;
 ; ; ; ;Dr료vljani RS;70
 ; ; ; ;Tuji dr료vljani;25
 ; ; ;Vi뚉e뚎lska, visoko뚎lska;;
 ; ; ; ;Dr료vljani RS;40
 ; ; ; ;Tuji dr료vljani;19
 ; ;2015;;;
 ; ; ;Osnovno뚎lska ali manj;;
 ; ; ; ;Dr료vljani RS;32
 ; ; ; ;Tuji dr료vljani;28
 ; ; ;Srednje뚎lska;;
 ; ; ; ;Dr료vljani RS;57
 ; ; ; ;Tuji dr료vljani;35
 ; ; ;Vi뚉e뚎lska, visoko뚎lska;;
 ; ; ; ;Dr료vljani RS;50
 ; ; ; ;Tuji dr료vljani;18
 ; ;2016;;;
 ; ; ;Osnovno뚎lska ali manj;;
 ; ; ; ;Dr료vljani RS;28
 ; ; ; ;Tuji dr료vljani;36
 ; ; ;Srednje뚎lska;;
 ; ; ; ;Dr료vljani RS;48
 ; ; ; ;Tuji dr료vljani;35
 ; ; ;Vi뚉e뚎lska, visoko뚎lska;;
 ; ; ; ;Dr료vljani RS;58
 ; ; ; ;Tuji dr료vljani;14
 ; ;2017;;;
 ; ; ;Osnovno뚎lska ali manj;;
 ; ; ; ;Dr료vljani RS;22
 ; ; ; ;Tuji dr료vljani;36
 ; ; ;Srednje뚎lska;;
 ; ; ; ;Dr료vljani RS;76
 ; ; ; ;Tuji dr료vljani;36
 ; ; ;Vi뚉e뚎lska, visoko뚎lska;;
 ; ; ; ;Dr료vljani RS;57
 ; ; ; ;Tuji dr료vljani;12
 ;....Nem粕ja;;;;
 ; ;2011;;;
 ; ; ;Osnovno뚎lska ali manj;;
 ; ; ; ;Dr료vljani RS;154
 ; ; ; ;Tuji dr료vljani;25
 ; ; ;Srednje뚎lska;;
 ; ; ; ;Dr료vljani RS;214
 ; ; ; ;Tuji dr료vljani;11
 ; ; ;Vi뚉e뚎lska, visoko뚎lska;;
 ; ; ; ;Dr료vljani RS;104
 ; ; ; ;Tuji dr료vljani;7
 ; ;2012;;;
 ; ; ;Osnovno뚎lska ali manj;;
 ; ; ; ;Dr료vljani RS;334
 ; ; ; ;Tuji dr료vljani;15
 ; ; ;Srednje뚎lska;;
 ; ; ; ;Dr료vljani RS;494
 ; ; ; ;Tuji dr료vljani;22
 ; ; ;Vi뚉e뚎lska, visoko뚎lska;;
 ; ; ; ;Dr료vljani RS;218
 ; ; ; ;Tuji dr료vljani;9
 ; ;2013;;;
 ; ; ;Osnovno뚎lska ali manj;;
 ; ; ; ;Dr료vljani RS;197
 ; ; ; ;Tuji dr료vljani;43
 ; ; ;Srednje뚎lska;;
 ; ; ; ;Dr료vljani RS;371
 ; ; ; ;Tuji dr료vljani;23
 ; ; ;Vi뚉e뚎lska, visoko뚎lska;;
 ; ; ; ;Dr료vljani RS;160
 ; ; ; ;Tuji dr료vljani;9
 ; ;2014;;;
 ; ; ;Osnovno뚎lska ali manj;;
 ; ; ; ;Dr료vljani RS;144
 ; ; ; ;Tuji dr료vljani;62
 ; ; ;Srednje뚎lska;;
 ; ; ; ;Dr료vljani RS;293
 ; ; ; ;Tuji dr료vljani;35
 ; ; ;Vi뚉e뚎lska, visoko뚎lska;;
 ; ; ; ;Dr료vljani RS;182
 ; ; ; ;Tuji dr료vljani;10
 ; ;2015;;;
 ; ; ;Osnovno뚎lska ali manj;;
 ; ; ; ;Dr료vljani RS;179
 ; ; ; ;Tuji dr료vljani;93
 ; ; ;Srednje뚎lska;;
 ; ; ; ;Dr료vljani RS;280
 ; ; ; ;Tuji dr료vljani;42
 ; ; ;Vi뚉e뚎lska, visoko뚎lska;;
 ; ; ; ;Dr료vljani RS;235
 ; ; ; ;Tuji dr료vljani;16
 ; ;2016;;;
 ; ; ;Osnovno뚎lska ali manj;;
 ; ; ; ;Dr료vljani RS;132
 ; ; ; ;Tuji dr료vljani;106
 ; ; ;Srednje뚎lska;;
 ; ; ; ;Dr료vljani RS;318
 ; ; ; ;Tuji dr료vljani;58
 ; ; ;Vi뚉e뚎lska, visoko뚎lska;;
 ; ; ; ;Dr료vljani RS;224
 ; ; ; ;Tuji dr료vljani;17
 ; ;2017;;;
 ; ; ;Osnovno뚎lska ali manj;;
 ; ; ; ;Dr료vljani RS;152
 ; ; ; ;Tuji dr료vljani;149
 ; ; ;Srednje뚎lska;;
 ; ; ; ;Dr료vljani RS;302
 ; ; ; ;Tuji dr료vljani;80
 ; ; ;Vi뚉e뚎lska, visoko뚎lska;;
 ; ; ; ;Dr료vljani RS;258
 ; ; ; ;Tuji dr료vljani;30
 ;....Slova뚊a;;;;
 ; ;2011;;;
 ; ; ;Osnovno뚎lska ali manj;;
 ; ; ; ;Dr료vljani RS;1
 ; ; ; ;Tuji dr료vljani;27
 ; ; ;Srednje뚎lska;;
 ; ; ; ;Dr료vljani RS;0
 ; ; ; ;Tuji dr료vljani;18
 ; ; ;Vi뚉e뚎lska, visoko뚎lska;;
 ; ; ; ;Dr료vljani RS;0
 ; ; ; ;Tuji dr료vljani;3
 ; ;2012;;;
 ; ; ;Osnovno뚎lska ali manj;;
 ; ; ; ;Dr료vljani RS;1
 ; ; ; ;Tuji dr료vljani;26
 ; ; ;Srednje뚎lska;;
 ; ; ; ;Dr료vljani RS;2
 ; ; ; ;Tuji dr료vljani;20
 ; ; ;Vi뚉e뚎lska, visoko뚎lska;;
 ; ; ; ;Dr료vljani RS;1
 ; ; ; ;Tuji dr료vljani;5
 ; ;2013;;;
 ; ; ;Osnovno뚎lska ali manj;;
 ; ; ; ;Dr료vljani RS;0
 ; ; ; ;Tuji dr료vljani;18
 ; ; ;Srednje뚎lska;;
 ; ; ; ;Dr료vljani RS;1
 ; ; ; ;Tuji dr료vljani;18
 ; ; ;Vi뚉e뚎lska, visoko뚎lska;;
 ; ; ; ;Dr료vljani RS;0
 ; ; ; ;Tuji dr료vljani;4
 ; ;2014;;;
 ; ; ;Osnovno뚎lska ali manj;;
 ; ; ; ;Dr료vljani RS;0
 ; ; ; ;Tuji dr료vljani;17
 ; ; ;Srednje뚎lska;;
 ; ; ; ;Dr료vljani RS;1
 ; ; ; ;Tuji dr료vljani;12
 ; ; ;Vi뚉e뚎lska, visoko뚎lska;;
 ; ; ; ;Dr료vljani RS;3
 ; ; ; ;Tuji dr료vljani;6
 ; ;2015;;;
 ; ; ;Osnovno뚎lska ali manj;;
 ; ; ; ;Dr료vljani RS;3
 ; ; ; ;Tuji dr료vljani;20
 ; ; ;Srednje뚎lska;;
 ; ; ; ;Dr료vljani RS;2
 ; ; ; ;Tuji dr료vljani;20
 ; ; ;Vi뚉e뚎lska, visoko뚎lska;;
 ; ; ; ;Dr료vljani RS;3
 ; ; ; ;Tuji dr료vljani;6
 ; ;2016;;;
 ; ; ;Osnovno뚎lska ali manj;;
 ; ; ; ;Dr료vljani RS;1
 ; ; ; ;Tuji dr료vljani;7
 ; ; ;Srednje뚎lska;;
 ; ; ; ;Dr료vljani RS;1
 ; ; ; ;Tuji dr료vljani;19
 ; ; ;Vi뚉e뚎lska, visoko뚎lska;;
 ; ; ; ;Dr료vljani RS;5
 ; ; ; ;Tuji dr료vljani;7
 ; ;2017;;;
 ; ; ;Osnovno뚎lska ali manj;;
 ; ; ; ;Dr료vljani RS;0
 ; ; ; ;Tuji dr료vljani;6
 ; ; ;Srednje뚎lska;;
 ; ; ; ;Dr료vljani RS;0
 ; ; ; ;Tuji dr료vljani;15
 ; ; ;Vi뚉e뚎lska, visoko뚎lska;;
 ; ; ; ;Dr료vljani RS;4
 ; ; ; ;Tuji dr료vljani;7
 ;....Zdru룐no kraljestvo;;;;
 ; ;2011;;;
 ; ; ;Osnovno뚎lska ali manj;;
 ; ; ; ;Dr료vljani RS;7
 ; ; ; ;Tuji dr료vljani;12
 ; ; ;Srednje뚎lska;;
 ; ; ; ;Dr료vljani RS;36
 ; ; ; ;Tuji dr료vljani;8
 ; ; ;Vi뚉e뚎lska, visoko뚎lska;;
 ; ; ; ;Dr료vljani RS;40
 ; ; ; ;Tuji dr료vljani;7
 ; ;2012;;;
 ; ; ;Osnovno뚎lska ali manj;;
 ; ; ; ;Dr료vljani RS;13
 ; ; ; ;Tuji dr료vljani;10
 ; ; ;Srednje뚎lska;;
 ; ; ; ;Dr료vljani RS;55
 ; ; ; ;Tuji dr료vljani;9
 ; ; ;Vi뚉e뚎lska, visoko뚎lska;;
 ; ; ; ;Dr료vljani RS;60
 ; ; ; ;Tuji dr료vljani;7
 ; ;2013;;;
 ; ; ;Osnovno뚎lska ali manj;;
 ; ; ; ;Dr료vljani RS;21
 ; ; ; ;Tuji dr료vljani;15
 ; ; ;Srednje뚎lska;;
 ; ; ; ;Dr료vljani RS;58
 ; ; ; ;Tuji dr료vljani;6
 ; ; ;Vi뚉e뚎lska, visoko뚎lska;;
 ; ; ; ;Dr료vljani RS;63
 ; ; ; ;Tuji dr료vljani;6
 ; ;2014;;;
 ; ; ;Osnovno뚎lska ali manj;;
 ; ; ; ;Dr료vljani RS;11
 ; ; ; ;Tuji dr료vljani;12
 ; ; ;Srednje뚎lska;;
 ; ; ; ;Dr료vljani RS;65
 ; ; ; ;Tuji dr료vljani;4
 ; ; ;Vi뚉e뚎lska, visoko뚎lska;;
 ; ; ; ;Dr료vljani RS;102
 ; ; ; ;Tuji dr료vljani;7
 ; ;2015;;;
 ; ; ;Osnovno뚎lska ali manj;;
 ; ; ; ;Dr료vljani RS;14
 ; ; ; ;Tuji dr료vljani;6
 ; ; ;Srednje뚎lska;;
 ; ; ; ;Dr료vljani RS;84
 ; ; ; ;Tuji dr료vljani;7
 ; ; ;Vi뚉e뚎lska, visoko뚎lska;;
 ; ; ; ;Dr료vljani RS;152
 ; ; ; ;Tuji dr료vljani;6
 ; ;2016;;;
 ; ; ;Osnovno뚎lska ali manj;;
 ; ; ; ;Dr료vljani RS;8
 ; ; ; ;Tuji dr료vljani;8
 ; ; ;Srednje뚎lska;;
 ; ; ; ;Dr료vljani RS;112
 ; ; ; ;Tuji dr료vljani;5
 ; ; ;Vi뚉e뚎lska, visoko뚎lska;;
 ; ; ; ;Dr료vljani RS;156
 ; ; ; ;Tuji dr료vljani;3
 ; ;2017;;;
 ; ; ;Osnovno뚎lska ali manj;;
 ; ; ; ;Dr료vljani RS;21
 ; ; ; ;Tuji dr료vljani;9
 ; ; ;Srednje뚎lska;;
 ; ; ; ;Dr료vljani RS;142
 ; ; ; ;Tuji dr료vljani;7
 ; ; ;Vi뚉e뚎lska, visoko뚎lska;;
 ; ; ; ;Dr료vljani RS;166
 ; ; ; ;Tuji dr료vljani;5
 ;....ostale dr료ve 舶anice EU;;;;
 ; ;2011;;;
 ; ; ;Osnovno뚎lska ali manj;;
 ; ; ; ;Dr료vljani RS;22
 ; ; ; ;Tuji dr료vljani;27
 ; ; ;Srednje뚎lska;;
 ; ; ; ;Dr료vljani RS;84
 ; ; ; ;Tuji dr료vljani;36
 ; ; ;Vi뚉e뚎lska, visoko뚎lska;;
 ; ; ; ;Dr료vljani RS;102
 ; ; ; ;Tuji dr료vljani;25
 ; ;2012;;;
 ; ; ;Osnovno뚎lska ali manj;;
 ; ; ; ;Dr료vljani RS;46
 ; ; ; ;Tuji dr료vljani;37
 ; ; ;Srednje뚎lska;;
 ; ; ; ;Dr료vljani RS;133
 ; ; ; ;Tuji dr료vljani;30
 ; ; ;Vi뚉e뚎lska, visoko뚎lska;;
 ; ; ; ;Dr료vljani RS;143
 ; ; ; ;Tuji dr료vljani;37
 ; ;2013;;;
 ; ; ;Osnovno뚎lska ali manj;;
 ; ; ; ;Dr료vljani RS;30
 ; ; ; ;Tuji dr료vljani;43
 ; ; ;Srednje뚎lska;;
 ; ; ; ;Dr료vljani RS;114
 ; ; ; ;Tuji dr료vljani;28
 ; ; ;Vi뚉e뚎lska, visoko뚎lska;;
 ; ; ; ;Dr료vljani RS;153
 ; ; ; ;Tuji dr료vljani;36
 ; ;2014;;;
 ; ; ;Osnovno뚎lska ali manj;;
 ; ; ; ;Dr료vljani RS;30
 ; ; ; ;Tuji dr료vljani;35
 ; ; ;Srednje뚎lska;;
 ; ; ; ;Dr료vljani RS;92
 ; ; ; ;Tuji dr료vljani;37
 ; ; ;Vi뚉e뚎lska, visoko뚎lska;;
 ; ; ; ;Dr료vljani RS;169
 ; ; ; ;Tuji dr료vljani;33
 ; ;2015;;;
 ; ; ;Osnovno뚎lska ali manj;;
 ; ; ; ;Dr료vljani RS;14
 ; ; ; ;Tuji dr료vljani;40
 ; ; ;Srednje뚎lska;;
 ; ; ; ;Dr료vljani RS;99
 ; ; ; ;Tuji dr료vljani;37
 ; ; ;Vi뚉e뚎lska, visoko뚎lska;;
 ; ; ; ;Dr료vljani RS;157
 ; ; ; ;Tuji dr료vljani;35
 ; ;2016;;;
 ; ; ;Osnovno뚎lska ali manj;;
 ; ; ; ;Dr료vljani RS;28
 ; ; ; ;Tuji dr료vljani;37
 ; ; ;Srednje뚎lska;;
 ; ; ; ;Dr료vljani RS;121
 ; ; ; ;Tuji dr료vljani;40
 ; ; ;Vi뚉e뚎lska, visoko뚎lska;;
 ; ; ; ;Dr료vljani RS;231
 ; ; ; ;Tuji dr료vljani;34
 ; ;2017;;;
 ; ; ;Osnovno뚎lska ali manj;;
 ; ; ; ;Dr료vljani RS;37
 ; ; ; ;Tuji dr료vljani;41
 ; ; ;Srednje뚎lska;;
 ; ; ; ;Dr료vljani RS;174
 ; ; ; ;Tuji dr료vljani;41
 ; ; ;Vi뚉e뚎lska, visoko뚎lska;;
 ; ; ; ;Dr료vljani RS;311
 ; ; ; ;Tuji dr료vljani;43
 ;....Ruska federacija;;;;
 ; ;2011;;;
 ; ; ;Osnovno뚎lska ali manj;;
 ; ; ; ;Dr료vljani RS;0
 ; ; ; ;Tuji dr료vljani;5
 ; ; ;Srednje뚎lska;;
 ; ; ; ;Dr료vljani RS;1
 ; ; ; ;Tuji dr료vljani;2
 ; ; ;Vi뚉e뚎lska, visoko뚎lska;;
 ; ; ; ;Dr료vljani RS;1
 ; ; ; ;Tuji dr료vljani;11
 ; ;2012;;;
 ; ; ;Osnovno뚎lska ali manj;;
 ; ; ; ;Dr료vljani RS;0
 ; ; ; ;Tuji dr료vljani;10
 ; ; ;Srednje뚎lska;;
 ; ; ; ;Dr료vljani RS;1
 ; ; ; ;Tuji dr료vljani;4
 ; ; ;Vi뚉e뚎lska, visoko뚎lska;;
 ; ; ; ;Dr료vljani RS;3
 ; ; ; ;Tuji dr료vljani;13
 ; ;2013;;;
 ; ; ;Osnovno뚎lska ali manj;;
 ; ; ; ;Dr료vljani RS;1
 ; ; ; ;Tuji dr료vljani;8
 ; ; ;Srednje뚎lska;;
 ; ; ; ;Dr료vljani RS;3
 ; ; ; ;Tuji dr료vljani;3
 ; ; ;Vi뚉e뚎lska, visoko뚎lska;;
 ; ; ; ;Dr료vljani RS;4
 ; ; ; ;Tuji dr료vljani;12
 ; ;2014;;;
 ; ; ;Osnovno뚎lska ali manj;;
 ; ; ; ;Dr료vljani RS;0
 ; ; ; ;Tuji dr료vljani;19
 ; ; ;Srednje뚎lska;;
 ; ; ; ;Dr료vljani RS;1
 ; ; ; ;Tuji dr료vljani;9
 ; ; ;Vi뚉e뚎lska, visoko뚎lska;;
 ; ; ; ;Dr료vljani RS;1
 ; ; ; ;Tuji dr료vljani;15
 ; ;2015;;;
 ; ; ;Osnovno뚎lska ali manj;;
 ; ; ; ;Dr료vljani RS;4
 ; ; ; ;Tuji dr료vljani;27
 ; ; ;Srednje뚎lska;;
 ; ; ; ;Dr료vljani RS;1
 ; ; ; ;Tuji dr료vljani;13
 ; ; ;Vi뚉e뚎lska, visoko뚎lska;;
 ; ; ; ;Dr료vljani RS;4
 ; ; ; ;Tuji dr료vljani;23
 ; ;2016;;;
 ; ; ;Osnovno뚎lska ali manj;;
 ; ; ; ;Dr료vljani RS;0
 ; ; ; ;Tuji dr료vljani;25
 ; ; ;Srednje뚎lska;;
 ; ; ; ;Dr료vljani RS;1
 ; ; ; ;Tuji dr료vljani;15
 ; ; ;Vi뚉e뚎lska, visoko뚎lska;;
 ; ; ; ;Dr료vljani RS;4
 ; ; ; ;Tuji dr료vljani;22
 ; ;2017;;;
 ; ; ;Osnovno뚎lska ali manj;;
 ; ; ; ;Dr료vljani RS;1
 ; ; ; ;Tuji dr료vljani;44
 ; ; ;Srednje뚎lska;;
 ; ; ; ;Dr료vljani RS;1
 ; ; ; ;Tuji dr료vljani;17
 ; ; ;Vi뚉e뚎lska, visoko뚎lska;;
 ; ; ; ;Dr료vljani RS;5
 ; ; ; ;Tuji dr료vljani;38
 ;....굤ica;;;;
 ; ;2011;;;
 ; ; ;Osnovno뚎lska ali manj;;
 ; ; ; ;Dr료vljani RS;24
 ; ; ; ;Tuji dr료vljani;2
 ; ; ;Srednje뚎lska;;
 ; ; ; ;Dr료vljani RS;45
 ; ; ; ;Tuji dr료vljani;6
 ; ; ;Vi뚉e뚎lska, visoko뚎lska;;
 ; ; ; ;Dr료vljani RS;26
 ; ; ; ;Tuji dr료vljani;2
 ; ;2012;;;
 ; ; ;Osnovno뚎lska ali manj;;
 ; ; ; ;Dr료vljani RS;53
 ; ; ; ;Tuji dr료vljani;10
 ; ; ;Srednje뚎lska;;
 ; ; ; ;Dr료vljani RS;89
 ; ; ; ;Tuji dr료vljani;2
 ; ; ;Vi뚉e뚎lska, visoko뚎lska;;
 ; ; ; ;Dr료vljani RS;48
 ; ; ; ;Tuji dr료vljani;1
 ; ;2013;;;
 ; ; ;Osnovno뚎lska ali manj;;
 ; ; ; ;Dr료vljani RS;47
 ; ; ; ;Tuji dr료vljani;9
 ; ; ;Srednje뚎lska;;
 ; ; ; ;Dr료vljani RS;80
 ; ; ; ;Tuji dr료vljani;5
 ; ; ;Vi뚉e뚎lska, visoko뚎lska;;
 ; ; ; ;Dr료vljani RS;50
 ; ; ; ;Tuji dr료vljani;1
 ; ;2014;;;
 ; ; ;Osnovno뚎lska ali manj;;
 ; ; ; ;Dr료vljani RS;63
 ; ; ; ;Tuji dr료vljani;20
 ; ; ;Srednje뚎lska;;
 ; ; ; ;Dr료vljani RS;91
 ; ; ; ;Tuji dr료vljani;7
 ; ; ;Vi뚉e뚎lska, visoko뚎lska;;
 ; ; ; ;Dr료vljani RS;71
 ; ; ; ;Tuji dr료vljani;0
 ; ;2015;;;
 ; ; ;Osnovno뚎lska ali manj;;
 ; ; ; ;Dr료vljani RS;64
 ; ; ; ;Tuji dr료vljani;16
 ; ; ;Srednje뚎lska;;
 ; ; ; ;Dr료vljani RS;139
 ; ; ; ;Tuji dr료vljani;7
 ; ; ;Vi뚉e뚎lska, visoko뚎lska;;
 ; ; ; ;Dr료vljani RS;96
 ; ; ; ;Tuji dr료vljani;0
 ; ;2016;;;
 ; ; ;Osnovno뚎lska ali manj;;
 ; ; ; ;Dr료vljani RS;70
 ; ; ; ;Tuji dr료vljani;25
 ; ; ;Srednje뚎lska;;
 ; ; ; ;Dr료vljani RS;154
 ; ; ; ;Tuji dr료vljani;10
 ; ; ;Vi뚉e뚎lska, visoko뚎lska;;
 ; ; ; ;Dr료vljani RS;105
 ; ; ; ;Tuji dr료vljani;1
 ; ;2017;;;
 ; ; ;Osnovno뚎lska ali manj;;
 ; ; ; ;Dr료vljani RS;53
 ; ; ; ;Tuji dr료vljani;21
 ; ; ;Srednje뚎lska;;
 ; ; ; ;Dr료vljani RS;148
 ; ; ; ;Tuji dr료vljani;14
 ; ; ;Vi뚉e뚎lska, visoko뚎lska;;
 ; ; ; ;Dr료vljani RS;110
 ; ; ; ;Tuji dr료vljani;3
 ;....Ukrajina;;;;
 ; ;2011;;;
 ; ; ;Osnovno뚎lska ali manj;;
 ; ; ; ;Dr료vljani RS;0
 ; ; ; ;Tuji dr료vljani;53
 ; ; ;Srednje뚎lska;;
 ; ; ; ;Dr료vljani RS;0
 ; ; ; ;Tuji dr료vljani;17
 ; ; ;Vi뚉e뚎lska, visoko뚎lska;;
 ; ; ; ;Dr료vljani RS;1
 ; ; ; ;Tuji dr료vljani;9
 ; ;2012;;;
 ; ; ;Osnovno뚎lska ali manj;;
 ; ; ; ;Dr료vljani RS;0
 ; ; ; ;Tuji dr료vljani;44
 ; ; ;Srednje뚎lska;;
 ; ; ; ;Dr료vljani RS;0
 ; ; ; ;Tuji dr료vljani;17
 ; ; ;Vi뚉e뚎lska, visoko뚎lska;;
 ; ; ; ;Dr료vljani RS;0
 ; ; ; ;Tuji dr료vljani;12
 ; ;2013;;;
 ; ; ;Osnovno뚎lska ali manj;;
 ; ; ; ;Dr료vljani RS;0
 ; ; ; ;Tuji dr료vljani;41
 ; ; ;Srednje뚎lska;;
 ; ; ; ;Dr료vljani RS;1
 ; ; ; ;Tuji dr료vljani;17
 ; ; ;Vi뚉e뚎lska, visoko뚎lska;;
 ; ; ; ;Dr료vljani RS;1
 ; ; ; ;Tuji dr료vljani;3
 ; ;2014;;;
 ; ; ;Osnovno뚎lska ali manj;;
 ; ; ; ;Dr료vljani RS;1
 ; ; ; ;Tuji dr료vljani;22
 ; ; ;Srednje뚎lska;;
 ; ; ; ;Dr료vljani RS;0
 ; ; ; ;Tuji dr료vljani;23
 ; ; ;Vi뚉e뚎lska, visoko뚎lska;;
 ; ; ; ;Dr료vljani RS;1
 ; ; ; ;Tuji dr료vljani;9
 ; ;2015;;;
 ; ; ;Osnovno뚎lska ali manj;;
 ; ; ; ;Dr료vljani RS;0
 ; ; ; ;Tuji dr료vljani;28
 ; ; ;Srednje뚎lska;;
 ; ; ; ;Dr료vljani RS;0
 ; ; ; ;Tuji dr료vljani;9
 ; ; ;Vi뚉e뚎lska, visoko뚎lska;;
 ; ; ; ;Dr료vljani RS;1
 ; ; ; ;Tuji dr료vljani;2
 ; ;2016;;;
 ; ; ;Osnovno뚎lska ali manj;;
 ; ; ; ;Dr료vljani RS;0
 ; ; ; ;Tuji dr료vljani;24
 ; ; ;Srednje뚎lska;;
 ; ; ; ;Dr료vljani RS;1
 ; ; ; ;Tuji dr료vljani;7
 ; ; ;Vi뚉e뚎lska, visoko뚎lska;;
 ; ; ; ;Dr료vljani RS;1
 ; ; ; ;Tuji dr료vljani;15
 ; ;2017;;;
 ; ; ;Osnovno뚎lska ali manj;;
 ; ; ; ;Dr료vljani RS;0
 ; ; ; ;Tuji dr료vljani;21
 ; ; ;Srednje뚎lska;;
 ; ; ; ;Dr료vljani RS;0
 ; ; ; ;Tuji dr료vljani;16
 ; ; ;Vi뚉e뚎lska, visoko뚎lska;;
 ; ; ; ;Dr료vljani RS;3
 ; ; ; ;Tuji dr료vljani;12
 ;....ostale evropske dr료ve;;;;
 ; ;2011;;;
 ; ; ;Osnovno뚎lska ali manj;;
 ; ; ; ;Dr료vljani RS;2
 ; ; ; ;Tuji dr료vljani;16
 ; ; ;Srednje뚎lska;;
 ; ; ; ;Dr료vljani RS;4
 ; ; ; ;Tuji dr료vljani;6
 ; ; ;Vi뚉e뚎lska, visoko뚎lska;;
 ; ; ; ;Dr료vljani RS;2
 ; ; ; ;Tuji dr료vljani;3
 ; ;2012;;;
 ; ; ;Osnovno뚎lska ali manj;;
 ; ; ; ;Dr료vljani RS;6
 ; ; ; ;Tuji dr료vljani;11
 ; ; ;Srednje뚎lska;;
 ; ; ; ;Dr료vljani RS;17
 ; ; ; ;Tuji dr료vljani;2
 ; ; ;Vi뚉e뚎lska, visoko뚎lska;;
 ; ; ; ;Dr료vljani RS;2
 ; ; ; ;Tuji dr료vljani;3
 ; ;2013;;;
 ; ; ;Osnovno뚎lska ali manj;;
 ; ; ; ;Dr료vljani RS;4
 ; ; ; ;Tuji dr료vljani;21
 ; ; ;Srednje뚎lska;;
 ; ; ; ;Dr료vljani RS;7
 ; ; ; ;Tuji dr료vljani;4
 ; ; ;Vi뚉e뚎lska, visoko뚎lska;;
 ; ; ; ;Dr료vljani RS;13
 ; ; ; ;Tuji dr료vljani;4
 ; ;2014;;;
 ; ; ;Osnovno뚎lska ali manj;;
 ; ; ; ;Dr료vljani RS;4
 ; ; ; ;Tuji dr료vljani;16
 ; ; ;Srednje뚎lska;;
 ; ; ; ;Dr료vljani RS;3
 ; ; ; ;Tuji dr료vljani;4
 ; ; ;Vi뚉e뚎lska, visoko뚎lska;;
 ; ; ; ;Dr료vljani RS;13
 ; ; ; ;Tuji dr료vljani;0
 ; ;2015;;;
 ; ; ;Osnovno뚎lska ali manj;;
 ; ; ; ;Dr료vljani RS;5
 ; ; ; ;Tuji dr료vljani;7
 ; ; ;Srednje뚎lska;;
 ; ; ; ;Dr료vljani RS;8
 ; ; ; ;Tuji dr료vljani;7
 ; ; ;Vi뚉e뚎lska, visoko뚎lska;;
 ; ; ; ;Dr료vljani RS;13
 ; ; ; ;Tuji dr료vljani;1
 ; ;2016;;;
 ; ; ;Osnovno뚎lska ali manj;;
 ; ; ; ;Dr료vljani RS;0
 ; ; ; ;Tuji dr료vljani;12
 ; ; ;Srednje뚎lska;;
 ; ; ; ;Dr료vljani RS;7
 ; ; ; ;Tuji dr료vljani;4
 ; ; ;Vi뚉e뚎lska, visoko뚎lska;;
 ; ; ; ;Dr료vljani RS;4
 ; ; ; ;Tuji dr료vljani;4
 ; ;2017;;;
 ; ; ;Osnovno뚎lska ali manj;;
 ; ; ; ;Dr료vljani RS;3
 ; ; ; ;Tuji dr료vljani;7
 ; ; ;Srednje뚎lska;;
 ; ; ; ;Dr료vljani RS;11
 ; ; ; ;Tuji dr료vljani;3
 ; ; ;Vi뚉e뚎lska, visoko뚎lska;;
 ; ; ; ;Dr료vljani RS;15
 ; ; ; ;Tuji dr료vljani;5
 ;AFRIKA;;;;
 ; ;2011;;;
 ; ; ;Osnovno뚎lska ali manj;;
 ; ; ; ;Dr료vljani RS;3
 ; ; ; ;Tuji dr료vljani;4
 ; ; ;Srednje뚎lska;;
 ; ; ; ;Dr료vljani RS;1
 ; ; ; ;Tuji dr료vljani;4
 ; ; ;Vi뚉e뚎lska, visoko뚎lska;;
 ; ; ; ;Dr료vljani RS;7
 ; ; ; ;Tuji dr료vljani;0
 ; ;2012;;;
 ; ; ;Osnovno뚎lska ali manj;;
 ; ; ; ;Dr료vljani RS;4
 ; ; ; ;Tuji dr료vljani;4
 ; ; ;Srednje뚎lska;;
 ; ; ; ;Dr료vljani RS;5
 ; ; ; ;Tuji dr료vljani;0
 ; ; ;Vi뚉e뚎lska, visoko뚎lska;;
 ; ; ; ;Dr료vljani RS;4
 ; ; ; ;Tuji dr료vljani;0
 ; ;2013;;;
 ; ; ;Osnovno뚎lska ali manj;;
 ; ; ; ;Dr료vljani RS;2
 ; ; ; ;Tuji dr료vljani;5
 ; ; ;Srednje뚎lska;;
 ; ; ; ;Dr료vljani RS;2
 ; ; ; ;Tuji dr료vljani;1
 ; ; ;Vi뚉e뚎lska, visoko뚎lska;;
 ; ; ; ;Dr료vljani RS;5
 ; ; ; ;Tuji dr료vljani;1
 ; ;2014;;;
 ; ; ;Osnovno뚎lska ali manj;;
 ; ; ; ;Dr료vljani RS;2
 ; ; ; ;Tuji dr료vljani;3
 ; ; ;Srednje뚎lska;;
 ; ; ; ;Dr료vljani RS;5
 ; ; ; ;Tuji dr료vljani;1
 ; ; ;Vi뚉e뚎lska, visoko뚎lska;;
 ; ; ; ;Dr료vljani RS;8
 ; ; ; ;Tuji dr료vljani;2
 ; ;2015;;;
 ; ; ;Osnovno뚎lska ali manj;;
 ; ; ; ;Dr료vljani RS;2
 ; ; ; ;Tuji dr료vljani;1
 ; ; ;Srednje뚎lska;;
 ; ; ; ;Dr료vljani RS;4
 ; ; ; ;Tuji dr료vljani;3
 ; ; ;Vi뚉e뚎lska, visoko뚎lska;;
 ; ; ; ;Dr료vljani RS;10
 ; ; ; ;Tuji dr료vljani;2
 ; ;2016;;;
 ; ; ;Osnovno뚎lska ali manj;;
 ; ; ; ;Dr료vljani RS;1
 ; ; ; ;Tuji dr료vljani;0
 ; ; ;Srednje뚎lska;;
 ; ; ; ;Dr료vljani RS;6
 ; ; ; ;Tuji dr료vljani;4
 ; ; ;Vi뚉e뚎lska, visoko뚎lska;;
 ; ; ; ;Dr료vljani RS;2
 ; ; ; ;Tuji dr료vljani;1
 ; ;2017;;;
 ; ; ;Osnovno뚎lska ali manj;;
 ; ; ; ;Dr료vljani RS;2
 ; ; ; ;Tuji dr료vljani;3
 ; ; ;Srednje뚎lska;;
 ; ; ; ;Dr료vljani RS;4
 ; ; ; ;Tuji dr료vljani;1
 ; ; ;Vi뚉e뚎lska, visoko뚎lska;;
 ; ; ; ;Dr료vljani RS;3
 ; ; ; ;Tuji dr료vljani;1
 ;AZIJA;;;;
 ; ;2011;;;
 ; ; ;Osnovno뚎lska ali manj;;
 ; ; ; ;Dr료vljani RS;2
 ; ; ; ;Tuji dr료vljani;42
 ; ; ;Srednje뚎lska;;
 ; ; ; ;Dr료vljani RS;9
 ; ; ; ;Tuji dr료vljani;31
 ; ; ;Vi뚉e뚎lska, visoko뚎lska;;
 ; ; ; ;Dr료vljani RS;17
 ; ; ; ;Tuji dr료vljani;6
 ; ;2012;;;
 ; ; ;Osnovno뚎lska ali manj;;
 ; ; ; ;Dr료vljani RS;3
 ; ; ; ;Tuji dr료vljani;30
 ; ; ;Srednje뚎lska;;
 ; ; ; ;Dr료vljani RS;17
 ; ; ; ;Tuji dr료vljani;29
 ; ; ;Vi뚉e뚎lska, visoko뚎lska;;
 ; ; ; ;Dr료vljani RS;26
 ; ; ; ;Tuji dr료vljani;10
 ; ;2013;;;
 ; ; ;Osnovno뚎lska ali manj;;
 ; ; ; ;Dr료vljani RS;6
 ; ; ; ;Tuji dr료vljani;28
 ; ; ;Srednje뚎lska;;
 ; ; ; ;Dr료vljani RS;19
 ; ; ; ;Tuji dr료vljani;27
 ; ; ;Vi뚉e뚎lska, visoko뚎lska;;
 ; ; ; ;Dr료vljani RS;32
 ; ; ; ;Tuji dr료vljani;8
 ; ;2014;;;
 ; ; ;Osnovno뚎lska ali manj;;
 ; ; ; ;Dr료vljani RS;7
 ; ; ; ;Tuji dr료vljani;31
 ; ; ;Srednje뚎lska;;
 ; ; ; ;Dr료vljani RS;27
 ; ; ; ;Tuji dr료vljani;32
 ; ; ;Vi뚉e뚎lska, visoko뚎lska;;
 ; ; ; ;Dr료vljani RS;39
 ; ; ; ;Tuji dr료vljani;15
 ; ;2015;;;
 ; ; ;Osnovno뚎lska ali manj;;
 ; ; ; ;Dr료vljani RS;4
 ; ; ; ;Tuji dr료vljani;22
 ; ; ;Srednje뚎lska;;
 ; ; ; ;Dr료vljani RS;27
 ; ; ; ;Tuji dr료vljani;25
 ; ; ;Vi뚉e뚎lska, visoko뚎lska;;
 ; ; ; ;Dr료vljani RS;45
 ; ; ; ;Tuji dr료vljani;16
 ; ;2016;;;
 ; ; ;Osnovno뚎lska ali manj;;
 ; ; ; ;Dr료vljani RS;6
 ; ; ; ;Tuji dr료vljani;28
 ; ; ;Srednje뚎lska;;
 ; ; ; ;Dr료vljani RS;25
 ; ; ; ;Tuji dr료vljani;28
 ; ; ;Vi뚉e뚎lska, visoko뚎lska;;
 ; ; ; ;Dr료vljani RS;53
 ; ; ; ;Tuji dr료vljani;21
 ; ;2017;;;
 ; ; ;Osnovno뚎lska ali manj;;
 ; ; ; ;Dr료vljani RS;3
 ; ; ; ;Tuji dr료vljani;31
 ; ; ;Srednje뚎lska;;
 ; ; ; ;Dr료vljani RS;24
 ; ; ; ;Tuji dr료vljani;37
 ; ; ;Vi뚉e뚎lska, visoko뚎lska;;
 ; ; ; ;Dr료vljani RS;57
 ; ; ; ;Tuji dr료vljani;23
 ;SEVERNA IN SREDNJA AMERIKA;;;;
 ; ;2011;;;
 ; ; ;Osnovno뚎lska ali manj;;
 ; ; ; ;Dr료vljani RS;16
 ; ; ; ;Tuji dr료vljani;30
 ; ; ;Srednje뚎lska;;
 ; ; ; ;Dr료vljani RS;46
 ; ; ; ;Tuji dr료vljani;9
 ; ; ;Vi뚉e뚎lska, visoko뚎lska;;
 ; ; ; ;Dr료vljani RS;36
 ; ; ; ;Tuji dr료vljani;7
 ; ;2012;;;
 ; ; ;Osnovno뚎lska ali manj;;
 ; ; ; ;Dr료vljani RS;59
 ; ; ; ;Tuji dr료vljani;22
 ; ; ;Srednje뚎lska;;
 ; ; ; ;Dr료vljani RS;96
 ; ; ; ;Tuji dr료vljani;10
 ; ; ;Vi뚉e뚎lska, visoko뚎lska;;
 ; ; ; ;Dr료vljani RS;59
 ; ; ; ;Tuji dr료vljani;8
 ; ;2013;;;
 ; ; ;Osnovno뚎lska ali manj;;
 ; ; ; ;Dr료vljani RS;46
 ; ; ; ;Tuji dr료vljani;38
 ; ; ;Srednje뚎lska;;
 ; ; ; ;Dr료vljani RS;75
 ; ; ; ;Tuji dr료vljani;6
 ; ; ;Vi뚉e뚎lska, visoko뚎lska;;
 ; ; ; ;Dr료vljani RS;82
 ; ; ; ;Tuji dr료vljani;8
 ; ;2014;;;
 ; ; ;Osnovno뚎lska ali manj;;
 ; ; ; ;Dr료vljani RS;25
 ; ; ; ;Tuji dr료vljani;22
 ; ; ;Srednje뚎lska;;
 ; ; ; ;Dr료vljani RS;62
 ; ; ; ;Tuji dr료vljani;8
 ; ; ;Vi뚉e뚎lska, visoko뚎lska;;
 ; ; ; ;Dr료vljani RS;68
 ; ; ; ;Tuji dr료vljani;4
 ; ;2015;;;
 ; ; ;Osnovno뚎lska ali manj;;
 ; ; ; ;Dr료vljani RS;23
 ; ; ; ;Tuji dr료vljani;18
 ; ; ;Srednje뚎lska;;
 ; ; ; ;Dr료vljani RS;48
 ; ; ; ;Tuji dr료vljani;8
 ; ; ;Vi뚉e뚎lska, visoko뚎lska;;
 ; ; ; ;Dr료vljani RS;84
 ; ; ; ;Tuji dr료vljani;6
 ; ;2016;;;
 ; ; ;Osnovno뚎lska ali manj;;
 ; ; ; ;Dr료vljani RS;15
 ; ; ; ;Tuji dr료vljani;24
 ; ; ;Srednje뚎lska;;
 ; ; ; ;Dr료vljani RS;53
 ; ; ; ;Tuji dr료vljani;4
 ; ; ;Vi뚉e뚎lska, visoko뚎lska;;
 ; ; ; ;Dr료vljani RS;71
 ; ; ; ;Tuji dr료vljani;16
 ; ;2017;;;
 ; ; ;Osnovno뚎lska ali manj;;
 ; ; ; ;Dr료vljani RS;15
 ; ; ; ;Tuji dr료vljani;15
 ; ; ;Srednje뚎lska;;
 ; ; ; ;Dr료vljani RS;68
 ; ; ; ;Tuji dr료vljani;4
 ; ; ;Vi뚉e뚎lska, visoko뚎lska;;
 ; ; ; ;Dr료vljani RS;92
 ; ; ; ;Tuji dr료vljani;12
 ;JU꾍A AMERIKA;;;;
 ; ;2011;;;
 ; ; ;Osnovno뚎lska ali manj;;
 ; ; ; ;Dr료vljani RS;1
 ; ; ; ;Tuji dr료vljani;6
 ; ; ;Srednje뚎lska;;
 ; ; ; ;Dr료vljani RS;3
 ; ; ; ;Tuji dr료vljani;2
 ; ; ;Vi뚉e뚎lska, visoko뚎lska;;
 ; ; ; ;Dr료vljani RS;4
 ; ; ; ;Tuji dr료vljani;1
 ; ;2012;;;
 ; ; ;Osnovno뚎lska ali manj;;
 ; ; ; ;Dr료vljani RS;7
 ; ; ; ;Tuji dr료vljani;6
 ; ; ;Srednje뚎lska;;
 ; ; ; ;Dr료vljani RS;13
 ; ; ; ;Tuji dr료vljani;1
 ; ; ;Vi뚉e뚎lska, visoko뚎lska;;
 ; ; ; ;Dr료vljani RS;5
 ; ; ; ;Tuji dr료vljani;4
 ; ;2013;;;
 ; ; ;Osnovno뚎lska ali manj;;
 ; ; ; ;Dr료vljani RS;4
 ; ; ; ;Tuji dr료vljani;2
 ; ; ;Srednje뚎lska;;
 ; ; ; ;Dr료vljani RS;4
 ; ; ; ;Tuji dr료vljani;9
 ; ; ;Vi뚉e뚎lska, visoko뚎lska;;
 ; ; ; ;Dr료vljani RS;4
 ; ; ; ;Tuji dr료vljani;3
 ; ;2014;;;
 ; ; ;Osnovno뚎lska ali manj;;
 ; ; ; ;Dr료vljani RS;1
 ; ; ; ;Tuji dr료vljani;4
 ; ; ;Srednje뚎lska;;
 ; ; ; ;Dr료vljani RS;3
 ; ; ; ;Tuji dr료vljani;4
 ; ; ;Vi뚉e뚎lska, visoko뚎lska;;
 ; ; ; ;Dr료vljani RS;5
 ; ; ; ;Tuji dr료vljani;3
 ; ;2015;;;
 ; ; ;Osnovno뚎lska ali manj;;
 ; ; ; ;Dr료vljani RS;1
 ; ; ; ;Tuji dr료vljani;6
 ; ; ;Srednje뚎lska;;
 ; ; ; ;Dr료vljani RS;5
 ; ; ; ;Tuji dr료vljani;2
 ; ; ;Vi뚉e뚎lska, visoko뚎lska;;
 ; ; ; ;Dr료vljani RS;9
 ; ; ; ;Tuji dr료vljani;3
 ; ;2016;;;
 ; ; ;Osnovno뚎lska ali manj;;
 ; ; ; ;Dr료vljani RS;1
 ; ; ; ;Tuji dr료vljani;2
 ; ; ;Srednje뚎lska;;
 ; ; ; ;Dr료vljani RS;3
 ; ; ; ;Tuji dr료vljani;5
 ; ; ;Vi뚉e뚎lska, visoko뚎lska;;
 ; ; ; ;Dr료vljani RS;4
 ; ; ; ;Tuji dr료vljani;3
 ; ;2017;;;
 ; ; ;Osnovno뚎lska ali manj;;
 ; ; ; ;Dr료vljani RS;1
 ; ; ; ;Tuji dr료vljani;6
 ; ; ;Srednje뚎lska;;
 ; ; ; ;Dr료vljani RS;2
 ; ; ; ;Tuji dr료vljani;1
 ; ; ;Vi뚉e뚎lska, visoko뚎lska;;
 ; ; ; ;Dr료vljani RS;9
 ; ; ; ;Tuji dr료vljani;8
 ;AVSTRALIJA IN OCEANIJA;;;;
 ; ;2011;;;
 ; ; ;Osnovno뚎lska ali manj;;
 ; ; ; ;Dr료vljani RS;19
 ; ; ; ;Tuji dr료vljani;0
 ; ; ;Srednje뚎lska;;
 ; ; ; ;Dr료vljani RS;30
 ; ; ; ;Tuji dr료vljani;0
 ; ; ;Vi뚉e뚎lska, visoko뚎lska;;
 ; ; ; ;Dr료vljani RS;30
 ; ; ; ;Tuji dr료vljani;1
 ; ;2012;;;
 ; ; ;Osnovno뚎lska ali manj;;
 ; ; ; ;Dr료vljani RS;23
 ; ; ; ;Tuji dr료vljani;4
 ; ; ;Srednje뚎lska;;
 ; ; ; ;Dr료vljani RS;41
 ; ; ; ;Tuji dr료vljani;3
 ; ; ;Vi뚉e뚎lska, visoko뚎lska;;
 ; ; ; ;Dr료vljani RS;35
 ; ; ; ;Tuji dr료vljani;1
 ; ;2013;;;
 ; ; ;Osnovno뚎lska ali manj;;
 ; ; ; ;Dr료vljani RS;13
 ; ; ; ;Tuji dr료vljani;3
 ; ; ;Srednje뚎lska;;
 ; ; ; ;Dr료vljani RS;42
 ; ; ; ;Tuji dr료vljani;1
 ; ; ;Vi뚉e뚎lska, visoko뚎lska;;
 ; ; ; ;Dr료vljani RS;39
 ; ; ; ;Tuji dr료vljani;0
 ; ;2014;;;
 ; ; ;Osnovno뚎lska ali manj;;
 ; ; ; ;Dr료vljani RS;14
 ; ; ; ;Tuji dr료vljani;3
 ; ; ;Srednje뚎lska;;
 ; ; ; ;Dr료vljani RS;30
 ; ; ; ;Tuji dr료vljani;3
 ; ; ;Vi뚉e뚎lska, visoko뚎lska;;
 ; ; ; ;Dr료vljani RS;43
 ; ; ; ;Tuji dr료vljani;0
 ; ;2015;;;
 ; ; ;Osnovno뚎lska ali manj;;
 ; ; ; ;Dr료vljani RS;7
 ; ; ; ;Tuji dr료vljani;0
 ; ; ;Srednje뚎lska;;
 ; ; ; ;Dr료vljani RS;21
 ; ; ; ;Tuji dr료vljani;2
 ; ; ;Vi뚉e뚎lska, visoko뚎lska;;
 ; ; ; ;Dr료vljani RS;32
 ; ; ; ;Tuji dr료vljani;5
 ; ;2016;;;
 ; ; ;Osnovno뚎lska ali manj;;
 ; ; ; ;Dr료vljani RS;5
 ; ; ; ;Tuji dr료vljani;3
 ; ; ;Srednje뚎lska;;
 ; ; ; ;Dr료vljani RS;27
 ; ; ; ;Tuji dr료vljani;1
 ; ; ;Vi뚉e뚎lska, visoko뚎lska;;
 ; ; ; ;Dr료vljani RS;43
 ; ; ; ;Tuji dr료vljani;1
 ; ;2017;;;
 ; ; ;Osnovno뚎lska ali manj;;
 ; ; ; ;Dr료vljani RS;12
 ; ; ; ;Tuji dr료vljani;2
 ; ; ;Srednje뚎lska;;
 ; ; ; ;Dr료vljani RS;45
 ; ; ; ;Tuji dr료vljani;1
 ; ; ;Vi뚉e뚎lska, visoko뚎lska;;
 ; ; ; ;Dr료vljani RS;54
 ; ; ; ;Tuji dr료vljani;1
;;;;;
Vir: Statisti迫i urad Republike Slovenije. ;;;;;
 ;;;;;
;;;;;
Povezane vsebine: ;;;;;
- (seznam HREF=http://www.stat.si/statweb/File/DocSysFile/7785 ;;;;;
target=_blank) Metodolo뚊a pojasnila;;;;;
